condition_id,design,rule,C,Delta,eta,metric,n,mean,ci_low,ci_high,cohort
43094224d0e3e0b4,controlled_counts100_chain3__start0,epsilon_greedy,10.0,3.0,0.01,q_restricted_H,300,46.72,40.3105,53.49716666666667,nonzero_poison
43094224d0e3e0b4,controlled_counts100_chain3__start0,epsilon_greedy,10.0,3.0,0.01,policy_restricted_H,300,0.0,0.0,0.0,nonzero_poison
43094224d0e3e0b4,controlled_counts100_chain3__start0,epsilon_greedy,10.0,3.0,0.01,target_loss_restricted_H,0,,,,target_at_last_poison
43094224d0e3e0b4,controlled_counts100_chain3__start0,epsilon_greedy,10.0,3.0,0.01,attack_reward_loss,300,21.38400000000036,21.22990833333369,21.53433333333369,all
43094224d0e3e0b4,controlled_counts100_chain3__start0,epsilon_greedy,10.0,3.0,0.01,recovery_reward_loss,300,0.0,0.0,0.0,all
43094224d0e3e0b4,controlled_counts100_chain3__start0,epsilon_greedy,10.0,3.0,0.01,combined_reward_loss,300,21.38400000000036,21.230000000000356,21.538000000000363,all
43094224d0e3e0b4,controlled_counts100_chain3__start0,epsilon_greedy,10.0,3.0,0.01,clean_steps_before_cutoff,300,423.3233333333333,422.87,423.75666666666666,nonzero_poison
4a4d6eb6b24c1b45,controlled_counts1_chain3__start0,ucb,1.0,3.0,0.01,q_restricted_H,1,27.0,,,nonzero_poison
4a4d6eb6b24c1b45,controlled_counts1_chain3__start0,ucb,1.0,3.0,0.01,policy_restricted_H,1,0.0,,,nonzero_poison
4a4d6eb6b24c1b45,controlled_counts1_chain3__start0,ucb,1.0,3.0,0.01,target_loss_restricted_H,0,,,,target_at_last_poison
4a4d6eb6b24c1b45,controlled_counts1_chain3__start0,ucb,1.0,3.0,0.01,attack_reward_loss,1,0.0,,,all
4a4d6eb6b24c1b45,controlled_counts1_chain3__start0,ucb,1.0,3.0,0.01,recovery_reward_loss,1,0.0,,,all
4a4d6eb6b24c1b45,controlled_counts1_chain3__start0,ucb,1.0,3.0,0.01,combined_reward_loss,1,0.0,,,all
4a4d6eb6b24c1b45,controlled_counts1_chain3__start0,ucb,1.0,3.0,0.01,clean_steps_before_cutoff,1,488.0,,,nonzero_poison
503e3f23441a07eb,controlled_counts100_chain3__start0,epsilon_greedy,1.0,3.0,0.01,q_restricted_H,300,57.19,50.11325,64.61149999999999,nonzero_poison
503e3f23441a07eb,controlled_counts100_chain3__start0,epsilon_greedy,1.0,3.0,0.01,policy_restricted_H,300,0.056666666666666664,0.03,0.08666666666666667,nonzero_poison
503e3f23441a07eb,controlled_counts100_chain3__start0,epsilon_greedy,1.0,3.0,0.01,target_loss_restricted_H,15,1.1333333333333333,1.0,1.4,target_at_last_poison
503e3f23441a07eb,controlled_counts100_chain3__start0,epsilon_greedy,1.0,3.0,0.01,attack_reward_loss,300,1.9360000000000324,1.884666666666699,1.9836666666667,all
503e3f23441a07eb,controlled_counts100_chain3__start0,epsilon_greedy,1.0,3.0,0.01,recovery_reward_loss,300,0.0,0.0,0.0,all
503e3f23441a07eb,controlled_counts100_chain3__start0,epsilon_greedy,1.0,3.0,0.01,combined_reward_loss,300,1.9360000000000324,1.8846666666666974,1.9873333333333656,all
503e3f23441a07eb,controlled_counts100_chain3__start0,epsilon_greedy,1.0,3.0,0.01,clean_steps_before_cutoff,300,490.5733333333333,490.4066666666667,490.73008333333337,nonzero_poison
54f69fe2e38933e0,controlled_counts1_chain3__start0,epsilon_greedy,3.0,3.0,0.01,q_restricted_H,300,58.07666666666667,49.819916666666664,66.53008333333334,nonzero_poison
54f69fe2e38933e0,controlled_counts1_chain3__start0,epsilon_greedy,3.0,3.0,0.01,policy_restricted_H,300,0.0,0.0,0.0,nonzero_poison
54f69fe2e38933e0,controlled_counts1_chain3__start0,epsilon_greedy,3.0,3.0,0.01,target_loss_restricted_H,0,,,,target_at_last_poison
54f69fe2e38933e0,controlled_counts1_chain3__start0,epsilon_greedy,3.0,3.0,0.01,attack_reward_loss,300,6.310333333333438,6.226000000000105,6.398333333333438,all
54f69fe2e38933e0,controlled_counts1_chain3__start0,epsilon_greedy,3.0,3.0,0.01,recovery_reward_loss,300,0.0,0.0,0.0,all
54f69fe2e38933e0,controlled_counts1_chain3__start0,epsilon_greedy,3.0,3.0,0.01,combined_reward_loss,300,6.310333333333438,6.222333333333435,6.402000000000106,all
54f69fe2e38933e0,controlled_counts1_chain3__start0,epsilon_greedy,3.0,3.0,0.01,clean_steps_before_cutoff,300,475.42,475.19325,475.63675,nonzero_poison
556f9db582af7718,controlled_counts1_chain3__start0,ucb,3.0,3.0,0.01,q_restricted_H,1,10.0,,,nonzero_poison
556f9db582af7718,controlled_counts1_chain3__start0,ucb,3.0,3.0,0.01,policy_restricted_H,1,0.0,,,nonzero_poison
556f9db582af7718,controlled_counts1_chain3__start0,ucb,3.0,3.0,0.01,target_loss_restricted_H,0,,,,target_at_last_poison
556f9db582af7718,controlled_counts1_chain3__start0,ucb,3.0,3.0,0.01,attack_reward_loss,1,1.4210854715202004e-14,,,all
556f9db582af7718,controlled_counts1_chain3__start0,ucb,3.0,3.0,0.01,recovery_reward_loss,1,0.0,,,all
556f9db582af7718,controlled_counts1_chain3__start0,ucb,3.0,3.0,0.01,combined_reward_loss,1,1.4210854715202004e-14,,,all
556f9db582af7718,controlled_counts1_chain3__start0,ucb,3.0,3.0,0.01,clean_steps_before_cutoff,1,461.0,,,nonzero_poison
58a88986c0eb61c8,controlled_counts1_chain3__start0,epsilon_greedy,1.0,3.0,0.01,q_restricted_H,300,57.19,50.23325,64.37958333333333,nonzero_poison
58a88986c0eb61c8,controlled_counts1_chain3__start0,epsilon_greedy,1.0,3.0,0.01,policy_restricted_H,300,0.056666666666666664,0.03,0.08666666666666667,nonzero_poison
58a88986c0eb61c8,controlled_counts1_chain3__start0,epsilon_greedy,1.0,3.0,0.01,target_loss_restricted_H,15,1.1333333333333333,1.0,1.4,target_at_last_poison
58a88986c0eb61c8,controlled_counts1_chain3__start0,epsilon_greedy,1.0,3.0,0.01,attack_reward_loss,300,1.9360000000000324,1.8846666666666974,1.987333333333367,all
58a88986c0eb61c8,controlled_counts1_chain3__start0,epsilon_greedy,1.0,3.0,0.01,recovery_reward_loss,300,0.0,0.0,0.0,all
58a88986c0eb61c8,controlled_counts1_chain3__start0,epsilon_greedy,1.0,3.0,0.01,combined_reward_loss,300,1.9360000000000324,1.8773333333333648,1.987333333333366,all
58a88986c0eb61c8,controlled_counts1_chain3__start0,epsilon_greedy,1.0,3.0,0.01,clean_steps_before_cutoff,300,490.5733333333333,490.42,490.72333333333336,nonzero_poison
61a7587769b498cc,controlled_counts100_chain3__start0,softmax,1.0,3.0,0.01,q_restricted_H,300,17.863333333333333,14.852916666666667,21.134083333333333,nonzero_poison
61a7587769b498cc,controlled_counts100_chain3__start0,softmax,1.0,3.0,0.01,policy_restricted_H,300,1.26,0.9065833333333333,1.6566666666666667,nonzero_poison
61a7587769b498cc,controlled_counts100_chain3__start0,softmax,1.0,3.0,0.01,target_loss_restricted_H,95,3.9789473684210526,3.0628947368421056,4.926315789473684,target_at_last_poison
61a7587769b498cc,controlled_counts100_chain3__start0,softmax,1.0,3.0,0.01,attack_reward_loss,300,0.3190000000000109,0.2090000000000071,0.4216666666666803,all
61a7587769b498cc,controlled_counts100_chain3__start0,softmax,1.0,3.0,0.01,recovery_reward_loss,300,0.0,0.0,0.0,all
61a7587769b498cc,controlled_counts100_chain3__start0,softmax,1.0,3.0,0.01,combined_reward_loss,300,0.3190000000000109,0.21633333333334107,0.4326666666666808,all
61a7587769b498cc,controlled_counts100_chain3__start0,softmax,1.0,3.0,0.01,clean_steps_before_cutoff,300,484.6,483.86,485.2235,nonzero_poison
62f52cd7dd0c65f9,controlled_counts1_chain3__start0,softmax,1.0,3.0,0.01,q_restricted_H,300,17.863333333333333,14.886,21.22375,nonzero_poison
62f52cd7dd0c65f9,controlled_counts1_chain3__start0,softmax,1.0,3.0,0.01,policy_restricted_H,300,1.26,0.9166666666666666,1.6500833333333331,nonzero_poison
62f52cd7dd0c65f9,controlled_counts1_chain3__start0,softmax,1.0,3.0,0.01,target_loss_restricted_H,95,3.9789473684210526,3.0628947368421056,4.937105263157894,target_at_last_poison
62f52cd7dd0c65f9,controlled_counts1_chain3__start0,softmax,1.0,3.0,0.01,attack_reward_loss,300,0.3190000000000109,0.20157500000000636,0.43633333333334545,all
62f52cd7dd0c65f9,controlled_counts1_chain3__start0,softmax,1.0,3.0,0.01,recovery_reward_loss,300,0.0,0.0,0.0,all
62f52cd7dd0c65f9,controlled_counts1_chain3__start0,softmax,1.0,3.0,0.01,combined_reward_loss,300,0.3190000000000109,0.21257500000000643,0.4364250000000155,all
62f52cd7dd0c65f9,controlled_counts1_chain3__start0,softmax,1.0,3.0,0.01,clean_steps_before_cutoff,300,484.6,483.91,485.29675000000003,nonzero_poison
6b0410ed32a16ab2,controlled_counts100_chain3__start0,ucb,1.0,3.0,0.01,q_restricted_H,1,5000.0,,,nonzero_poison
6b0410ed32a16ab2,controlled_counts100_chain3__start0,ucb,1.0,3.0,0.01,policy_restricted_H,1,0.0,,,nonzero_poison
6b0410ed32a16ab2,controlled_counts100_chain3__start0,ucb,1.0,3.0,0.01,target_loss_restricted_H,0,,,,target_at_last_poison
6b0410ed32a16ab2,controlled_counts100_chain3__start0,ucb,1.0,3.0,0.01,attack_reward_loss,1,2.200000000000017,,,all
6b0410ed32a16ab2,controlled_counts100_chain3__start0,ucb,1.0,3.0,0.01,recovery_reward_loss,1,-18.70000000000391,,,all
6b0410ed32a16ab2,controlled_counts100_chain3__start0,ucb,1.0,3.0,0.01,combined_reward_loss,1,-16.500000000003894,,,all
6b0410ed32a16ab2,controlled_counts100_chain3__start0,ucb,1.0,3.0,0.01,clean_steps_before_cutoff,1,491.0,,,nonzero_poison
77afd18ff442be1d,controlled_counts100_chain3__start0,epsilon_greedy,3.0,3.0,0.01,q_restricted_H,300,58.07666666666667,49.994,66.59016666666668,nonzero_poison
77afd18ff442be1d,controlled_counts100_chain3__start0,epsilon_greedy,3.0,3.0,0.01,policy_restricted_H,300,0.0,0.0,0.0,nonzero_poison
77afd18ff442be1d,controlled_counts100_chain3__start0,epsilon_greedy,3.0,3.0,0.01,target_loss_restricted_H,0,,,,target_at_last_poison
77afd18ff442be1d,controlled_counts100_chain3__start0,epsilon_greedy,3.0,3.0,0.01,attack_reward_loss,300,6.310333333333438,6.218666666666771,6.402000000000104,all
77afd18ff442be1d,controlled_counts100_chain3__start0,epsilon_greedy,3.0,3.0,0.01,recovery_reward_loss,300,0.0,0.0,0.0,all
77afd18ff442be1d,controlled_counts100_chain3__start0,epsilon_greedy,3.0,3.0,0.01,combined_reward_loss,300,6.310333333333438,6.218575000000102,6.394666666666771,all
77afd18ff442be1d,controlled_counts100_chain3__start0,epsilon_greedy,3.0,3.0,0.01,clean_steps_before_cutoff,300,475.42,475.19991666666664,475.6166666666667,nonzero_poison
afff6b3fa18a1458,controlled_counts100_chain3__start0,softmax,3.0,3.0,0.01,q_restricted_H,300,26.816666666666666,23.38625,30.693416666666664,nonzero_poison
afff6b3fa18a1458,controlled_counts100_chain3__start0,softmax,3.0,3.0,0.01,policy_restricted_H,300,0.03,0.0,0.08,nonzero_poison
afff6b3fa18a1458,controlled_counts100_chain3__start0,softmax,3.0,3.0,0.01,target_loss_restricted_H,3,3.0,1.0,5.0,target_at_last_poison
afff6b3fa18a1458,controlled_counts100_chain3__start0,softmax,3.0,3.0,0.01,attack_reward_loss,300,1.188000000000036,0.9753333333333688,1.3750000000000422,all
afff6b3fa18a1458,controlled_counts100_chain3__start0,softmax,3.0,3.0,0.01,recovery_reward_loss,300,0.0,0.0,0.0,all
afff6b3fa18a1458,controlled_counts100_chain3__start0,softmax,3.0,3.0,0.01,combined_reward_loss,300,1.188000000000036,1.0010000000000325,1.3933333333333742,all
afff6b3fa18a1458,controlled_counts100_chain3__start0,softmax,3.0,3.0,0.01,clean_steps_before_cutoff,300,450.9633333333333,449.0056666666667,453.06008333333335,nonzero_poison
b36ab868f390b691,controlled_counts100_chain3__start0,ucb,10.0,3.0,0.01,q_restricted_H,1,3.0,,,nonzero_poison
b36ab868f390b691,controlled_counts100_chain3__start0,ucb,10.0,3.0,0.01,policy_restricted_H,1,0.0,,,nonzero_poison
b36ab868f390b691,controlled_counts100_chain3__start0,ucb,10.0,3.0,0.01,target_loss_restricted_H,0,,,,target_at_last_poison
b36ab868f390b691,controlled_counts100_chain3__start0,ucb,10.0,3.0,0.01,attack_reward_loss,1,13.200000000000188,,,all
b36ab868f390b691,controlled_counts100_chain3__start0,ucb,10.0,3.0,0.01,recovery_reward_loss,1,-13.20000000000391,,,all
b36ab868f390b691,controlled_counts100_chain3__start0,ucb,10.0,3.0,0.01,combined_reward_loss,1,-3.723243935382925e-12,,,all
b36ab868f390b691,controlled_counts100_chain3__start0,ucb,10.0,3.0,0.01,clean_steps_before_cutoff,1,386.0,,,nonzero_poison
d5551db993abd10a,controlled_counts1_chain3__start0,softmax,3.0,3.0,0.01,q_restricted_H,300,26.816666666666666,23.467416666666665,30.6575,nonzero_poison
d5551db993abd10a,controlled_counts1_chain3__start0,softmax,3.0,3.0,0.01,policy_restricted_H,300,0.03,0.0,0.07333333333333333,nonzero_poison
d5551db993abd10a,controlled_counts1_chain3__start0,softmax,3.0,3.0,0.01,target_loss_restricted_H,3,3.0,1.0,5.0,target_at_last_poison
d5551db993abd10a,controlled_counts1_chain3__start0,softmax,3.0,3.0,0.01,attack_reward_loss,300,1.188000000000036,0.9935750000000312,1.3824250000000422,all
d5551db993abd10a,controlled_counts1_chain3__start0,softmax,3.0,3.0,0.01,recovery_reward_loss,300,0.0,0.0,0.0,all
d5551db993abd10a,controlled_counts1_chain3__start0,softmax,3.0,3.0,0.01,combined_reward_loss,300,1.188000000000036,0.979000000000032,1.3860916666667107,all
d5551db993abd10a,controlled_counts1_chain3__start0,softmax,3.0,3.0,0.01,clean_steps_before_cutoff,300,450.9633333333333,448.99666666666667,452.96066666666667,nonzero_poison
d6c25127a68aec01,controlled_counts1_chain3__start0,ucb,10.0,3.0,0.01,q_restricted_H,1,24.0,,,nonzero_poison
d6c25127a68aec01,controlled_counts1_chain3__start0,ucb,10.0,3.0,0.01,policy_restricted_H,1,0.0,,,nonzero_poison
d6c25127a68aec01,controlled_counts1_chain3__start0,ucb,10.0,3.0,0.01,target_loss_restricted_H,0,,,,target_at_last_poison
d6c25127a68aec01,controlled_counts1_chain3__start0,ucb,10.0,3.0,0.01,attack_reward_loss,1,-1.4210854715202004e-14,,,all
d6c25127a68aec01,controlled_counts1_chain3__start0,ucb,10.0,3.0,0.01,recovery_reward_loss,1,0.0,,,all
d6c25127a68aec01,controlled_counts1_chain3__start0,ucb,10.0,3.0,0.01,combined_reward_loss,1,-1.4210854715202004e-14,,,all
d6c25127a68aec01,controlled_counts1_chain3__start0,ucb,10.0,3.0,0.01,clean_steps_before_cutoff,1,370.0,,,nonzero_poison
e262c67e65a89dfc,controlled_counts100_chain3__start0,softmax,10.0,3.0,0.01,q_restricted_H,300,28.473333333333333,25.312166666666666,32.48233333333333,nonzero_poison
e262c67e65a89dfc,controlled_counts100_chain3__start0,softmax,10.0,3.0,0.01,policy_restricted_H,300,0.1,0.05,0.15333333333333332,nonzero_poison
e262c67e65a89dfc,controlled_counts100_chain3__start0,softmax,10.0,3.0,0.01,target_loss_restricted_H,17,1.7647058823529411,1.411764705882353,2.176470588235294,target_at_last_poison
e262c67e65a89dfc,controlled_counts100_chain3__start0,softmax,10.0,3.0,0.01,attack_reward_loss,300,4.587000000000126,4.117300000000109,5.023333333333469,all
e262c67e65a89dfc,controlled_counts100_chain3__start0,softmax,10.0,3.0,0.01,recovery_reward_loss,300,0.0,0.0,0.0,all
e262c67e65a89dfc,controlled_counts100_chain3__start0,softmax,10.0,3.0,0.01,combined_reward_loss,300,4.587000000000126,4.14296666666678,5.056425000000139,all
e262c67e65a89dfc,controlled_counts100_chain3__start0,softmax,10.0,3.0,0.01,clean_steps_before_cutoff,300,332.8933333333333,326.13599999999997,338.82625,nonzero_poison
e6e41c896c32aa71,controlled_counts1_chain3__start0,softmax,10.0,3.0,0.01,q_restricted_H,300,28.473333333333333,25.07616666666667,31.966666666666665,nonzero_poison
e6e41c896c32aa71,controlled_counts1_chain3__start0,softmax,10.0,3.0,0.01,policy_restricted_H,300,0.1,0.056666666666666664,0.15333333333333332,nonzero_poison
e6e41c896c32aa71,controlled_counts1_chain3__start0,softmax,10.0,3.0,0.01,target_loss_restricted_H,17,1.7647058823529411,1.3529411764705883,2.235294117647059,target_at_last_poison
e6e41c896c32aa71,controlled_counts1_chain3__start0,softmax,10.0,3.0,0.01,attack_reward_loss,300,4.587000000000126,4.172666666666778,5.060091666666803,all
e6e41c896c32aa71,controlled_counts1_chain3__start0,softmax,10.0,3.0,0.01,recovery_reward_loss,300,0.0,0.0,0.0,all
e6e41c896c32aa71,controlled_counts1_chain3__start0,softmax,10.0,3.0,0.01,combined_reward_loss,300,4.587000000000126,4.139666666666782,5.0124250000001345,all
e6e41c896c32aa71,controlled_counts1_chain3__start0,softmax,10.0,3.0,0.01,clean_steps_before_cutoff,300,332.8933333333333,326.291,339.71116666666666,nonzero_poison
f99e444ae01ca0cd,controlled_counts1_chain3__start0,epsilon_greedy,10.0,3.0,0.01,q_restricted_H,300,46.72,40.213,54.39433333333332,nonzero_poison
f99e444ae01ca0cd,controlled_counts1_chain3__start0,epsilon_greedy,10.0,3.0,0.01,policy_restricted_H,300,0.0,0.0,0.0,nonzero_poison
f99e444ae01ca0cd,controlled_counts1_chain3__start0,epsilon_greedy,10.0,3.0,0.01,target_loss_restricted_H,0,,,,target_at_last_poison
f99e444ae01ca0cd,controlled_counts1_chain3__start0,epsilon_greedy,10.0,3.0,0.01,attack_reward_loss,300,21.38400000000036,21.241000000000355,21.5307583333337,all
f99e444ae01ca0cd,controlled_counts1_chain3__start0,epsilon_greedy,10.0,3.0,0.01,recovery_reward_loss,300,0.0,0.0,0.0,all
f99e444ae01ca0cd,controlled_counts1_chain3__start0,epsilon_greedy,10.0,3.0,0.01,combined_reward_loss,300,21.38400000000036,21.241000000000355,21.541666666667027,all
f99e444ae01ca0cd,controlled_counts1_chain3__start0,epsilon_greedy,10.0,3.0,0.01,clean_steps_before_cutoff,300,423.3233333333333,422.85983333333337,423.77008333333333,nonzero_poison
ff53513639bde55f,controlled_counts100_chain3__start0,ucb,3.0,3.0,0.01,q_restricted_H,1,5000.0,,,nonzero_poison
ff53513639bde55f,controlled_counts100_chain3__start0,ucb,3.0,3.0,0.01,policy_restricted_H,1,0.0,,,nonzero_poison
ff53513639bde55f,controlled_counts100_chain3__start0,ucb,3.0,3.0,0.01,target_loss_restricted_H,0,,,,target_at_last_poison
ff53513639bde55f,controlled_counts100_chain3__start0,ucb,3.0,3.0,0.01,attack_reward_loss,1,5.500000000000085,,,all
ff53513639bde55f,controlled_counts100_chain3__start0,ucb,3.0,3.0,0.01,recovery_reward_loss,1,-18.70000000000391,,,all
ff53513639bde55f,controlled_counts100_chain3__start0,ucb,3.0,3.0,0.01,combined_reward_loss,1,-13.200000000003826,,,all
ff53513639bde55f,controlled_counts100_chain3__start0,ucb,3.0,3.0,0.01,clean_steps_before_cutoff,1,470.0,,,nonzero_poison
