condition_id,design,rule,C,Delta,eta,sign,n,deterministic,initialization,settings,pre_q_error_mean,attained_by_cutoff_rate,attained_by_cutoff_ci_low,attained_by_cutoff_ci_high,target_at_cutoff_rate,target_at_cutoff_ci_low,target_at_cutoff_ci_high,clip_delta_any_rate,clip_delta_any_ci_low,clip_delta_any_ci_high,clip_budget_any_rate,clip_budget_any_ci_low,clip_budget_any_ci_high,spent_mean,navigation_spend_mean,teaching_spend_mean,maintenance_spend_mean,target_occupancy_mean,attainment_spend_successes_only_mean
43094224d0e3e0b4,controlled_counts100_chain3__start0,epsilon_greedy,10.0,3.0,0.01,corrected,300,False,"{""mode"": ""controlled"", ""counts"": 100}","{""C"": 10.0, ""Delta"": 3.0, ""design"": {""environment"": {""goal_reward"": 1.0, ""kind"": ""chain"", ""n_states"": 3, ""slip"": 0.0, ""start"": 0, ""step_reward"": -0.1}, ""initialization"": {""counts"": 100, ""mode"": ""controlled""}, ""name"": ""controlled_counts100_chain3__start0"", ""targets"": ""leftmost_only""}, ""eta"": 0.01, ""learner"": {""alpha"": 0.9, ""alpha_schedule"": ""constant"", ""beta"": 1.0, ""epsilon"": 0.1, ""rule"": ""epsilon_greedy"", ""temperature"": 0.2}, ""sign"": ""corrected""}",0.0,1.0,0.9873570287754538,0.9999999999999998,0.0,8.673617379884035e-19,0.012642971224546034,0.0,8.673617379884035e-19,0.012642971224546034,1.0,0.9873570287754538,0.9999999999999998,10.0,0.0,0.19111111111111104,9.80888888888889,0.0,0.19111111111111104
4a4d6eb6b24c1b45,controlled_counts1_chain3__start0,ucb,1.0,3.0,0.01,corrected,1,True,"{""mode"": ""controlled"", ""counts"": 1}","{""C"": 1.0, ""Delta"": 3.0, ""design"": {""environment"": {""goal_reward"": 1.0, ""kind"": ""chain"", ""n_states"": 3, ""slip"": 0.0, ""start"": 0, ""step_reward"": -0.1}, ""initialization"": {""counts"": 1, ""mode"": ""controlled""}, ""name"": ""controlled_counts1_chain3__start0"", ""targets"": ""leftmost_only""}, ""eta"": 0.01, ""learner"": {""alpha"": 0.9, ""alpha_schedule"": ""constant"", ""beta"": 1.0, ""epsilon"": 0.1, ""rule"": ""ucb"", ""temperature"": 0.2}, ""sign"": ""corrected""}",0.0,1.0,,,0.0,,,0.0,,,1.0,,,1.0,0.0,0.19111111111111104,0.808888888888889,0.0,0.19111111111111104
503e3f23441a07eb,controlled_counts100_chain3__start0,epsilon_greedy,1.0,3.0,0.01,corrected,300,False,"{""mode"": ""controlled"", ""counts"": 100}","{""C"": 1.0, ""Delta"": 3.0, ""design"": {""environment"": {""goal_reward"": 1.0, ""kind"": ""chain"", ""n_states"": 3, ""slip"": 0.0, ""start"": 0, ""step_reward"": -0.1}, ""initialization"": {""counts"": 100, ""mode"": ""controlled""}, ""name"": ""controlled_counts100_chain3__start0"", ""targets"": ""leftmost_only""}, ""eta"": 0.01, ""learner"": {""alpha"": 0.9, ""alpha_schedule"": ""constant"", ""beta"": 1.0, ""epsilon"": 0.1, ""rule"": ""epsilon_greedy"", ""temperature"": 0.2}, ""sign"": ""corrected""}",0.0,1.0,0.9873570287754538,0.9999999999999998,0.0,8.673617379884035e-19,0.012642971224546034,0.0,8.673617379884035e-19,0.012642971224546034,1.0,0.9873570287754538,0.9999999999999998,1.0,0.0,0.19111111111111104,0.8088888888888891,0.0,0.19111111111111104
54f69fe2e38933e0,controlled_counts1_chain3__start0,epsilon_greedy,3.0,3.0,0.01,corrected,300,False,"{""mode"": ""controlled"", ""counts"": 1}","{""C"": 3.0, ""Delta"": 3.0, ""design"": {""environment"": {""goal_reward"": 1.0, ""kind"": ""chain"", ""n_states"": 3, ""slip"": 0.0, ""start"": 0, ""step_reward"": -0.1}, ""initialization"": {""counts"": 1, ""mode"": ""controlled""}, ""name"": ""controlled_counts1_chain3__start0"", ""targets"": ""leftmost_only""}, ""eta"": 0.01, ""learner"": {""alpha"": 0.9, ""alpha_schedule"": ""constant"", ""beta"": 1.0, ""epsilon"": 0.1, ""rule"": ""epsilon_greedy"", ""temperature"": 0.2}, ""sign"": ""corrected""}",0.0,1.0,0.9873570287754538,0.9999999999999998,0.0,8.673617379884035e-19,0.012642971224546034,0.0,8.673617379884035e-19,0.012642971224546034,1.0,0.9873570287754538,0.9999999999999998,3.0,0.0,0.19111111111111104,2.8088888888888888,0.0,0.19111111111111104
556f9db582af7718,controlled_counts1_chain3__start0,ucb,3.0,3.0,0.01,corrected,1,True,"{""mode"": ""controlled"", ""counts"": 1}","{""C"": 3.0, ""Delta"": 3.0, ""design"": {""environment"": {""goal_reward"": 1.0, ""kind"": ""chain"", ""n_states"": 3, ""slip"": 0.0, ""start"": 0, ""step_reward"": -0.1}, ""initialization"": {""counts"": 1, ""mode"": ""controlled""}, ""name"": ""controlled_counts1_chain3__start0"", ""targets"": ""leftmost_only""}, ""eta"": 0.01, ""learner"": {""alpha"": 0.9, ""alpha_schedule"": ""constant"", ""beta"": 1.0, ""epsilon"": 0.1, ""rule"": ""ucb"", ""temperature"": 0.2}, ""sign"": ""corrected""}",0.0,1.0,,,0.0,,,0.0,,,1.0,,,3.0,0.0,0.19111111111111104,2.808888888888889,0.0,0.19111111111111104
58a88986c0eb61c8,controlled_counts1_chain3__start0,epsilon_greedy,1.0,3.0,0.01,corrected,300,False,"{""mode"": ""controlled"", ""counts"": 1}","{""C"": 1.0, ""Delta"": 3.0, ""design"": {""environment"": {""goal_reward"": 1.0, ""kind"": ""chain"", ""n_states"": 3, ""slip"": 0.0, ""start"": 0, ""step_reward"": -0.1}, ""initialization"": {""counts"": 1, ""mode"": ""controlled""}, ""name"": ""controlled_counts1_chain3__start0"", ""targets"": ""leftmost_only""}, ""eta"": 0.01, ""learner"": {""alpha"": 0.9, ""alpha_schedule"": ""constant"", ""beta"": 1.0, ""epsilon"": 0.1, ""rule"": ""epsilon_greedy"", ""temperature"": 0.2}, ""sign"": ""corrected""}",0.0,1.0,0.9873570287754538,0.9999999999999998,0.0,8.673617379884035e-19,0.012642971224546034,0.0,8.673617379884035e-19,0.012642971224546034,1.0,0.9873570287754538,0.9999999999999998,1.0,0.0,0.19111111111111104,0.8088888888888891,0.0,0.19111111111111104
61a7587769b498cc,controlled_counts100_chain3__start0,softmax,1.0,3.0,0.01,corrected,300,False,"{""mode"": ""controlled"", ""counts"": 100}","{""C"": 1.0, ""Delta"": 3.0, ""design"": {""environment"": {""goal_reward"": 1.0, ""kind"": ""chain"", ""n_states"": 3, ""slip"": 0.0, ""start"": 0, ""step_reward"": -0.1}, ""initialization"": {""counts"": 100, ""mode"": ""controlled""}, ""name"": ""controlled_counts100_chain3__start0"", ""targets"": ""leftmost_only""}, ""eta"": 0.01, ""learner"": {""alpha"": 0.9, ""alpha_schedule"": ""constant"", ""beta"": 1.0, ""epsilon"": 0.1, ""rule"": ""softmax"", ""temperature"": 0.2}, ""sign"": ""corrected""}",0.0,1.0,0.9873570287754538,0.9999999999999998,0.0,8.673617379884035e-19,0.012642971224546034,0.0,8.673617379884035e-19,0.012642971224546034,1.0,0.9873570287754538,0.9999999999999998,1.0,0.0,0.19111111111111104,0.8088888888888891,0.0,0.19111111111111104
62f52cd7dd0c65f9,controlled_counts1_chain3__start0,softmax,1.0,3.0,0.01,corrected,300,False,"{""mode"": ""controlled"", ""counts"": 1}","{""C"": 1.0, ""Delta"": 3.0, ""design"": {""environment"": {""goal_reward"": 1.0, ""kind"": ""chain"", ""n_states"": 3, ""slip"": 0.0, ""start"": 0, ""step_reward"": -0.1}, ""initialization"": {""counts"": 1, ""mode"": ""controlled""}, ""name"": ""controlled_counts1_chain3__start0"", ""targets"": ""leftmost_only""}, ""eta"": 0.01, ""learner"": {""alpha"": 0.9, ""alpha_schedule"": ""constant"", ""beta"": 1.0, ""epsilon"": 0.1, ""rule"": ""softmax"", ""temperature"": 0.2}, ""sign"": ""corrected""}",0.0,1.0,0.9873570287754538,0.9999999999999998,0.0,8.673617379884035e-19,0.012642971224546034,0.0,8.673617379884035e-19,0.012642971224546034,1.0,0.9873570287754538,0.9999999999999998,1.0,0.0,0.19111111111111104,0.8088888888888891,0.0,0.19111111111111104
6b0410ed32a16ab2,controlled_counts100_chain3__start0,ucb,1.0,3.0,0.01,corrected,1,True,"{""mode"": ""controlled"", ""counts"": 100}","{""C"": 1.0, ""Delta"": 3.0, ""design"": {""environment"": {""goal_reward"": 1.0, ""kind"": ""chain"", ""n_states"": 3, ""slip"": 0.0, ""start"": 0, ""step_reward"": -0.1}, ""initialization"": {""counts"": 100, ""mode"": ""controlled""}, ""name"": ""controlled_counts100_chain3__start0"", ""targets"": ""leftmost_only""}, ""eta"": 0.01, ""learner"": {""alpha"": 0.9, ""alpha_schedule"": ""constant"", ""beta"": 1.0, ""epsilon"": 0.1, ""rule"": ""ucb"", ""temperature"": 0.2}, ""sign"": ""corrected""}",0.0,1.0,,,0.0,,,0.0,,,1.0,,,1.0,0.0,0.19111111111111104,0.808888888888889,0.0,0.19111111111111104
77afd18ff442be1d,controlled_counts100_chain3__start0,epsilon_greedy,3.0,3.0,0.01,corrected,300,False,"{""mode"": ""controlled"", ""counts"": 100}","{""C"": 3.0, ""Delta"": 3.0, ""design"": {""environment"": {""goal_reward"": 1.0, ""kind"": ""chain"", ""n_states"": 3, ""slip"": 0.0, ""start"": 0, ""step_reward"": -0.1}, ""initialization"": {""counts"": 100, ""mode"": ""controlled""}, ""name"": ""controlled_counts100_chain3__start0"", ""targets"": ""leftmost_only""}, ""eta"": 0.01, ""learner"": {""alpha"": 0.9, ""alpha_schedule"": ""constant"", ""beta"": 1.0, ""epsilon"": 0.1, ""rule"": ""epsilon_greedy"", ""temperature"": 0.2}, ""sign"": ""corrected""}",0.0,1.0,0.9873570287754538,0.9999999999999998,0.0,8.673617379884035e-19,0.012642971224546034,0.0,8.673617379884035e-19,0.012642971224546034,1.0,0.9873570287754538,0.9999999999999998,3.0,0.0,0.19111111111111104,2.8088888888888888,0.0,0.19111111111111104
afff6b3fa18a1458,controlled_counts100_chain3__start0,softmax,3.0,3.0,0.01,corrected,300,False,"{""mode"": ""controlled"", ""counts"": 100}","{""C"": 3.0, ""Delta"": 3.0, ""design"": {""environment"": {""goal_reward"": 1.0, ""kind"": ""chain"", ""n_states"": 3, ""slip"": 0.0, ""start"": 0, ""step_reward"": -0.1}, ""initialization"": {""counts"": 100, ""mode"": ""controlled""}, ""name"": ""controlled_counts100_chain3__start0"", ""targets"": ""leftmost_only""}, ""eta"": 0.01, ""learner"": {""alpha"": 0.9, ""alpha_schedule"": ""constant"", ""beta"": 1.0, ""epsilon"": 0.1, ""rule"": ""softmax"", ""temperature"": 0.2}, ""sign"": ""corrected""}",0.0,1.0,0.9873570287754538,0.9999999999999998,0.0,8.673617379884035e-19,0.012642971224546034,0.0,8.673617379884035e-19,0.012642971224546034,1.0,0.9873570287754538,0.9999999999999998,3.0,0.0,0.19111111111111104,2.808888888888889,0.0,0.19111111111111104
b36ab868f390b691,controlled_counts100_chain3__start0,ucb,10.0,3.0,0.01,corrected,1,True,"{""mode"": ""controlled"", ""counts"": 100}","{""C"": 10.0, ""Delta"": 3.0, ""design"": {""environment"": {""goal_reward"": 1.0, ""kind"": ""chain"", ""n_states"": 3, ""slip"": 0.0, ""start"": 0, ""step_reward"": -0.1}, ""initialization"": {""counts"": 100, ""mode"": ""controlled""}, ""name"": ""controlled_counts100_chain3__start0"", ""targets"": ""leftmost_only""}, ""eta"": 0.01, ""learner"": {""alpha"": 0.9, ""alpha_schedule"": ""constant"", ""beta"": 1.0, ""epsilon"": 0.1, ""rule"": ""ucb"", ""temperature"": 0.2}, ""sign"": ""corrected""}",0.0,1.0,,,0.0,,,0.0,,,1.0,,,10.0,0.0,0.19111111111111104,9.80888888888889,0.0,0.19111111111111104
d5551db993abd10a,controlled_counts1_chain3__start0,softmax,3.0,3.0,0.01,corrected,300,False,"{""mode"": ""controlled"", ""counts"": 1}","{""C"": 3.0, ""Delta"": 3.0, ""design"": {""environment"": {""goal_reward"": 1.0, ""kind"": ""chain"", ""n_states"": 3, ""slip"": 0.0, ""start"": 0, ""step_reward"": -0.1}, ""initialization"": {""counts"": 1, ""mode"": ""controlled""}, ""name"": ""controlled_counts1_chain3__start0"", ""targets"": ""leftmost_only""}, ""eta"": 0.01, ""learner"": {""alpha"": 0.9, ""alpha_schedule"": ""constant"", ""beta"": 1.0, ""epsilon"": 0.1, ""rule"": ""softmax"", ""temperature"": 0.2}, ""sign"": ""corrected""}",0.0,1.0,0.9873570287754538,0.9999999999999998,0.0,8.673617379884035e-19,0.012642971224546034,0.0,8.673617379884035e-19,0.012642971224546034,1.0,0.9873570287754538,0.9999999999999998,3.0,0.0,0.19111111111111104,2.808888888888889,0.0,0.19111111111111104
d6c25127a68aec01,controlled_counts1_chain3__start0,ucb,10.0,3.0,0.01,corrected,1,True,"{""mode"": ""controlled"", ""counts"": 1}","{""C"": 10.0, ""Delta"": 3.0, ""design"": {""environment"": {""goal_reward"": 1.0, ""kind"": ""chain"", ""n_states"": 3, ""slip"": 0.0, ""start"": 0, ""step_reward"": -0.1}, ""initialization"": {""counts"": 1, ""mode"": ""controlled""}, ""name"": ""controlled_counts1_chain3__start0"", ""targets"": ""leftmost_only""}, ""eta"": 0.01, ""learner"": {""alpha"": 0.9, ""alpha_schedule"": ""constant"", ""beta"": 1.0, ""epsilon"": 0.1, ""rule"": ""ucb"", ""temperature"": 0.2}, ""sign"": ""corrected""}",0.0,1.0,,,0.0,,,0.0,,,1.0,,,10.0,0.0,0.19111111111111104,9.80888888888889,0.0,0.19111111111111104
e262c67e65a89dfc,controlled_counts100_chain3__start0,softmax,10.0,3.0,0.01,corrected,300,False,"{""mode"": ""controlled"", ""counts"": 100}","{""C"": 10.0, ""Delta"": 3.0, ""design"": {""environment"": {""goal_reward"": 1.0, ""kind"": ""chain"", ""n_states"": 3, ""slip"": 0.0, ""start"": 0, ""step_reward"": -0.1}, ""initialization"": {""counts"": 100, ""mode"": ""controlled""}, ""name"": ""controlled_counts100_chain3__start0"", ""targets"": ""leftmost_only""}, ""eta"": 0.01, ""learner"": {""alpha"": 0.9, ""alpha_schedule"": ""constant"", ""beta"": 1.0, ""epsilon"": 0.1, ""rule"": ""softmax"", ""temperature"": 0.2}, ""sign"": ""corrected""}",0.0,1.0,0.9873570287754538,0.9999999999999998,0.0,8.673617379884035e-19,0.012642971224546034,0.0,8.673617379884035e-19,0.012642971224546034,1.0,0.9873570287754538,0.9999999999999998,10.0,0.0,0.19111111111111104,9.80888888888889,0.0,0.19111111111111104
e6e41c896c32aa71,controlled_counts1_chain3__start0,softmax,10.0,3.0,0.01,corrected,300,False,"{""mode"": ""controlled"", ""counts"": 1}","{""C"": 10.0, ""Delta"": 3.0, ""design"": {""environment"": {""goal_reward"": 1.0, ""kind"": ""chain"", ""n_states"": 3, ""slip"": 0.0, ""start"": 0, ""step_reward"": -0.1}, ""initialization"": {""counts"": 1, ""mode"": ""controlled""}, ""name"": ""controlled_counts1_chain3__start0"", ""targets"": ""leftmost_only""}, ""eta"": 0.01, ""learner"": {""alpha"": 0.9, ""alpha_schedule"": ""constant"", ""beta"": 1.0, ""epsilon"": 0.1, ""rule"": ""softmax"", ""temperature"": 0.2}, ""sign"": ""corrected""}",0.0,1.0,0.9873570287754538,0.9999999999999998,0.0,8.673617379884035e-19,0.012642971224546034,0.0,8.673617379884035e-19,0.012642971224546034,1.0,0.9873570287754538,0.9999999999999998,10.0,0.0,0.19111111111111104,9.80888888888889,0.0,0.19111111111111104
f99e444ae01ca0cd,controlled_counts1_chain3__start0,epsilon_greedy,10.0,3.0,0.01,corrected,300,False,"{""mode"": ""controlled"", ""counts"": 1}","{""C"": 10.0, ""Delta"": 3.0, ""design"": {""environment"": {""goal_reward"": 1.0, ""kind"": ""chain"", ""n_states"": 3, ""slip"": 0.0, ""start"": 0, ""step_reward"": -0.1}, ""initialization"": {""counts"": 1, ""mode"": ""controlled""}, ""name"": ""controlled_counts1_chain3__start0"", ""targets"": ""leftmost_only""}, ""eta"": 0.01, ""learner"": {""alpha"": 0.9, ""alpha_schedule"": ""constant"", ""beta"": 1.0, ""epsilon"": 0.1, ""rule"": ""epsilon_greedy"", ""temperature"": 0.2}, ""sign"": ""corrected""}",0.0,1.0,0.9873570287754538,0.9999999999999998,0.0,8.673617379884035e-19,0.012642971224546034,0.0,8.673617379884035e-19,0.012642971224546034,1.0,0.9873570287754538,0.9999999999999998,10.0,0.0,0.19111111111111104,9.80888888888889,0.0,0.19111111111111104
ff53513639bde55f,controlled_counts100_chain3__start0,ucb,3.0,3.0,0.01,corrected,1,True,"{""mode"": ""controlled"", ""counts"": 100}","{""C"": 3.0, ""Delta"": 3.0, ""design"": {""environment"": {""goal_reward"": 1.0, ""kind"": ""chain"", ""n_states"": 3, ""slip"": 0.0, ""start"": 0, ""step_reward"": -0.1}, ""initialization"": {""counts"": 100, ""mode"": ""controlled""}, ""name"": ""controlled_counts100_chain3__start0"", ""targets"": ""leftmost_only""}, ""eta"": 0.01, ""learner"": {""alpha"": 0.9, ""alpha_schedule"": ""constant"", ""beta"": 1.0, ""epsilon"": 0.1, ""rule"": ""ucb"", ""temperature"": 0.2}, ""sign"": ""corrected""}",0.0,1.0,,,0.0,,,0.0,,,1.0,,,3.0,0.0,0.19111111111111104,2.8088888888888888,0.0,0.19111111111111104
