condition_id,design,rule,C,Delta,eta,sign,arm,metric,cohort,time,n,survival,pointwise_ci_low,pointwise_ci_high
43094224d0e3e0b4,controlled_counts100_chain3__start0,epsilon_greedy,10.0,3.0,0.01,corrected,clean,target_loss,all,0,300,0.0,8.673617379884035e-19,0.012642971224546034
43094224d0e3e0b4,controlled_counts100_chain3__start0,epsilon_greedy,10.0,3.0,0.01,corrected,clean,target_loss,all,5000,300,0.0,8.673617379884035e-19,0.012642971224546034
43094224d0e3e0b4,controlled_counts100_chain3__start0,epsilon_greedy,10.0,3.0,0.01,corrected,clean,greedy_recovery,all,0,300,0.0,8.673617379884035e-19,0.012642971224546034
43094224d0e3e0b4,controlled_counts100_chain3__start0,epsilon_greedy,10.0,3.0,0.01,corrected,clean,greedy_recovery,all,5000,300,0.0,8.673617379884035e-19,0.012642971224546034
43094224d0e3e0b4,controlled_counts100_chain3__start0,epsilon_greedy,10.0,3.0,0.01,corrected,clean,q_recovery,all,0,300,0.0,8.673617379884035e-19,0.012642971224546034
43094224d0e3e0b4,controlled_counts100_chain3__start0,epsilon_greedy,10.0,3.0,0.01,corrected,clean,q_recovery,all,5000,300,0.0,8.673617379884035e-19,0.012642971224546034
43094224d0e3e0b4,controlled_counts100_chain3__start0,epsilon_greedy,10.0,3.0,0.01,corrected,clean,greedy_confirmation,all,0,300,1.0,0.9873570287754538,0.9999999999999998
43094224d0e3e0b4,controlled_counts100_chain3__start0,epsilon_greedy,10.0,3.0,0.01,corrected,clean,greedy_confirmation,all,19,300,0.0,8.673617379884035e-19,0.012642971224546034
43094224d0e3e0b4,controlled_counts100_chain3__start0,epsilon_greedy,10.0,3.0,0.01,corrected,clean,greedy_confirmation,all,5000,300,0.0,8.673617379884035e-19,0.012642971224546034
43094224d0e3e0b4,controlled_counts100_chain3__start0,epsilon_greedy,10.0,3.0,0.01,corrected,clean,q_confirmation,all,0,300,1.0,0.9873570287754538,0.9999999999999998
43094224d0e3e0b4,controlled_counts100_chain3__start0,epsilon_greedy,10.0,3.0,0.01,corrected,clean,q_confirmation,all,19,300,0.0,8.673617379884035e-19,0.012642971224546034
43094224d0e3e0b4,controlled_counts100_chain3__start0,epsilon_greedy,10.0,3.0,0.01,corrected,clean,q_confirmation,all,5000,300,0.0,8.673617379884035e-19,0.012642971224546034
43094224d0e3e0b4,controlled_counts100_chain3__start0,epsilon_greedy,10.0,3.0,0.01,corrected,clean,attainment,all,0,300,1.0,0.9873570287754538,0.9999999999999998
43094224d0e3e0b4,controlled_counts100_chain3__start0,epsilon_greedy,10.0,3.0,0.01,corrected,clean,attainment,all,500,300,1.0,0.9873570287754538,0.9999999999999998
43094224d0e3e0b4,controlled_counts100_chain3__start0,epsilon_greedy,10.0,3.0,0.01,corrected,faa,target_loss,all,0,300,0.0,8.673617379884035e-19,0.012642971224546034
43094224d0e3e0b4,controlled_counts100_chain3__start0,epsilon_greedy,10.0,3.0,0.01,corrected,faa,target_loss,all,5000,300,0.0,8.673617379884035e-19,0.012642971224546034
43094224d0e3e0b4,controlled_counts100_chain3__start0,epsilon_greedy,10.0,3.0,0.01,corrected,faa,greedy_recovery,all,0,300,0.0,8.673617379884035e-19,0.012642971224546034
43094224d0e3e0b4,controlled_counts100_chain3__start0,epsilon_greedy,10.0,3.0,0.01,corrected,faa,greedy_recovery,all,5000,300,0.0,8.673617379884035e-19,0.012642971224546034
43094224d0e3e0b4,controlled_counts100_chain3__start0,epsilon_greedy,10.0,3.0,0.01,corrected,faa,q_recovery,all,0,300,0.0,8.673617379884035e-19,0.012642971224546034
43094224d0e3e0b4,controlled_counts100_chain3__start0,epsilon_greedy,10.0,3.0,0.01,corrected,faa,q_recovery,all,5000,300,0.0,8.673617379884035e-19,0.012642971224546034
43094224d0e3e0b4,controlled_counts100_chain3__start0,epsilon_greedy,10.0,3.0,0.01,corrected,faa,greedy_confirmation,all,0,300,1.0,0.9873570287754538,0.9999999999999998
43094224d0e3e0b4,controlled_counts100_chain3__start0,epsilon_greedy,10.0,3.0,0.01,corrected,faa,greedy_confirmation,all,19,300,0.0,8.673617379884035e-19,0.012642971224546034
43094224d0e3e0b4,controlled_counts100_chain3__start0,epsilon_greedy,10.0,3.0,0.01,corrected,faa,greedy_confirmation,all,5000,300,0.0,8.673617379884035e-19,0.012642971224546034
43094224d0e3e0b4,controlled_counts100_chain3__start0,epsilon_greedy,10.0,3.0,0.01,corrected,faa,q_confirmation,all,0,300,1.0,0.9873570287754538,0.9999999999999998
43094224d0e3e0b4,controlled_counts100_chain3__start0,epsilon_greedy,10.0,3.0,0.01,corrected,faa,q_confirmation,all,19,300,0.0,8.673617379884035e-19,0.012642971224546034
43094224d0e3e0b4,controlled_counts100_chain3__start0,epsilon_greedy,10.0,3.0,0.01,corrected,faa,q_confirmation,all,5000,300,0.0,8.673617379884035e-19,0.012642971224546034
43094224d0e3e0b4,controlled_counts100_chain3__start0,epsilon_greedy,10.0,3.0,0.01,corrected,faa,attainment,all,0,300,1.0,0.9873570287754538,0.9999999999999998
43094224d0e3e0b4,controlled_counts100_chain3__start0,epsilon_greedy,10.0,3.0,0.01,corrected,faa,attainment,all,1,300,0.0,8.673617379884035e-19,0.012642971224546034
43094224d0e3e0b4,controlled_counts100_chain3__start0,epsilon_greedy,10.0,3.0,0.01,corrected,faa,attainment,all,500,300,0.0,8.673617379884035e-19,0.012642971224546034
4a4d6eb6b24c1b45,controlled_counts1_chain3__start0,ucb,1.0,3.0,0.01,corrected,clean,target_loss,all,0,1,0.0,,
4a4d6eb6b24c1b45,controlled_counts1_chain3__start0,ucb,1.0,3.0,0.01,corrected,clean,target_loss,all,5000,1,0.0,,
4a4d6eb6b24c1b45,controlled_counts1_chain3__start0,ucb,1.0,3.0,0.01,corrected,clean,greedy_recovery,all,0,1,0.0,,
4a4d6eb6b24c1b45,controlled_counts1_chain3__start0,ucb,1.0,3.0,0.01,corrected,clean,greedy_recovery,all,5000,1,0.0,,
4a4d6eb6b24c1b45,controlled_counts1_chain3__start0,ucb,1.0,3.0,0.01,corrected,clean,q_recovery,all,0,1,0.0,,
4a4d6eb6b24c1b45,controlled_counts1_chain3__start0,ucb,1.0,3.0,0.01,corrected,clean,q_recovery,all,5000,1,0.0,,
4a4d6eb6b24c1b45,controlled_counts1_chain3__start0,ucb,1.0,3.0,0.01,corrected,clean,greedy_confirmation,all,0,1,1.0,,
4a4d6eb6b24c1b45,controlled_counts1_chain3__start0,ucb,1.0,3.0,0.01,corrected,clean,greedy_confirmation,all,19,1,0.0,,
4a4d6eb6b24c1b45,controlled_counts1_chain3__start0,ucb,1.0,3.0,0.01,corrected,clean,greedy_confirmation,all,5000,1,0.0,,
4a4d6eb6b24c1b45,controlled_counts1_chain3__start0,ucb,1.0,3.0,0.01,corrected,clean,q_confirmation,all,0,1,1.0,,
4a4d6eb6b24c1b45,controlled_counts1_chain3__start0,ucb,1.0,3.0,0.01,corrected,clean,q_confirmation,all,19,1,0.0,,
4a4d6eb6b24c1b45,controlled_counts1_chain3__start0,ucb,1.0,3.0,0.01,corrected,clean,q_confirmation,all,5000,1,0.0,,
4a4d6eb6b24c1b45,controlled_counts1_chain3__start0,ucb,1.0,3.0,0.01,corrected,clean,attainment,all,0,1,1.0,,
4a4d6eb6b24c1b45,controlled_counts1_chain3__start0,ucb,1.0,3.0,0.01,corrected,clean,attainment,all,500,1,1.0,,
4a4d6eb6b24c1b45,controlled_counts1_chain3__start0,ucb,1.0,3.0,0.01,corrected,faa,target_loss,all,0,1,0.0,,
4a4d6eb6b24c1b45,controlled_counts1_chain3__start0,ucb,1.0,3.0,0.01,corrected,faa,target_loss,all,5000,1,0.0,,
4a4d6eb6b24c1b45,controlled_counts1_chain3__start0,ucb,1.0,3.0,0.01,corrected,faa,greedy_recovery,all,0,1,0.0,,
4a4d6eb6b24c1b45,controlled_counts1_chain3__start0,ucb,1.0,3.0,0.01,corrected,faa,greedy_recovery,all,5000,1,0.0,,
4a4d6eb6b24c1b45,controlled_counts1_chain3__start0,ucb,1.0,3.0,0.01,corrected,faa,q_recovery,all,0,1,0.0,,
4a4d6eb6b24c1b45,controlled_counts1_chain3__start0,ucb,1.0,3.0,0.01,corrected,faa,q_recovery,all,5000,1,0.0,,
4a4d6eb6b24c1b45,controlled_counts1_chain3__start0,ucb,1.0,3.0,0.01,corrected,faa,greedy_confirmation,all,0,1,1.0,,
4a4d6eb6b24c1b45,controlled_counts1_chain3__start0,ucb,1.0,3.0,0.01,corrected,faa,greedy_confirmation,all,19,1,0.0,,
4a4d6eb6b24c1b45,controlled_counts1_chain3__start0,ucb,1.0,3.0,0.01,corrected,faa,greedy_confirmation,all,5000,1,0.0,,
4a4d6eb6b24c1b45,controlled_counts1_chain3__start0,ucb,1.0,3.0,0.01,corrected,faa,q_confirmation,all,0,1,1.0,,
4a4d6eb6b24c1b45,controlled_counts1_chain3__start0,ucb,1.0,3.0,0.01,corrected,faa,q_confirmation,all,19,1,0.0,,
4a4d6eb6b24c1b45,controlled_counts1_chain3__start0,ucb,1.0,3.0,0.01,corrected,faa,q_confirmation,all,5000,1,0.0,,
4a4d6eb6b24c1b45,controlled_counts1_chain3__start0,ucb,1.0,3.0,0.01,corrected,faa,attainment,all,0,1,1.0,,
4a4d6eb6b24c1b45,controlled_counts1_chain3__start0,ucb,1.0,3.0,0.01,corrected,faa,attainment,all,1,1,0.0,,
4a4d6eb6b24c1b45,controlled_counts1_chain3__start0,ucb,1.0,3.0,0.01,corrected,faa,attainment,all,500,1,0.0,,
503e3f23441a07eb,controlled_counts100_chain3__start0,epsilon_greedy,1.0,3.0,0.01,corrected,clean,target_loss,all,0,300,0.0,8.673617379884035e-19,0.012642971224546034
503e3f23441a07eb,controlled_counts100_chain3__start0,epsilon_greedy,1.0,3.0,0.01,corrected,clean,target_loss,all,5000,300,0.0,8.673617379884035e-19,0.012642971224546034
503e3f23441a07eb,controlled_counts100_chain3__start0,epsilon_greedy,1.0,3.0,0.01,corrected,clean,greedy_recovery,all,0,300,0.0,8.673617379884035e-19,0.012642971224546034
503e3f23441a07eb,controlled_counts100_chain3__start0,epsilon_greedy,1.0,3.0,0.01,corrected,clean,greedy_recovery,all,5000,300,0.0,8.673617379884035e-19,0.012642971224546034
503e3f23441a07eb,controlled_counts100_chain3__start0,epsilon_greedy,1.0,3.0,0.01,corrected,clean,q_recovery,all,0,300,0.0,8.673617379884035e-19,0.012642971224546034
503e3f23441a07eb,controlled_counts100_chain3__start0,epsilon_greedy,1.0,3.0,0.01,corrected,clean,q_recovery,all,5000,300,0.0,8.673617379884035e-19,0.012642971224546034
503e3f23441a07eb,controlled_counts100_chain3__start0,epsilon_greedy,1.0,3.0,0.01,corrected,clean,greedy_confirmation,all,0,300,1.0,0.9873570287754538,0.9999999999999998
503e3f23441a07eb,controlled_counts100_chain3__start0,epsilon_greedy,1.0,3.0,0.01,corrected,clean,greedy_confirmation,all,19,300,0.0,8.673617379884035e-19,0.012642971224546034
503e3f23441a07eb,controlled_counts100_chain3__start0,epsilon_greedy,1.0,3.0,0.01,corrected,clean,greedy_confirmation,all,5000,300,0.0,8.673617379884035e-19,0.012642971224546034
503e3f23441a07eb,controlled_counts100_chain3__start0,epsilon_greedy,1.0,3.0,0.01,corrected,clean,q_confirmation,all,0,300,1.0,0.9873570287754538,0.9999999999999998
503e3f23441a07eb,controlled_counts100_chain3__start0,epsilon_greedy,1.0,3.0,0.01,corrected,clean,q_confirmation,all,19,300,0.0,8.673617379884035e-19,0.012642971224546034
503e3f23441a07eb,controlled_counts100_chain3__start0,epsilon_greedy,1.0,3.0,0.01,corrected,clean,q_confirmation,all,5000,300,0.0,8.673617379884035e-19,0.012642971224546034
503e3f23441a07eb,controlled_counts100_chain3__start0,epsilon_greedy,1.0,3.0,0.01,corrected,clean,attainment,all,0,300,1.0,0.9873570287754538,0.9999999999999998
503e3f23441a07eb,controlled_counts100_chain3__start0,epsilon_greedy,1.0,3.0,0.01,corrected,clean,attainment,all,500,300,1.0,0.9873570287754538,0.9999999999999998
503e3f23441a07eb,controlled_counts100_chain3__start0,epsilon_greedy,1.0,3.0,0.01,corrected,faa,target_loss,all,0,300,0.0,8.673617379884035e-19,0.012642971224546034
503e3f23441a07eb,controlled_counts100_chain3__start0,epsilon_greedy,1.0,3.0,0.01,corrected,faa,target_loss,all,5000,300,0.0,8.673617379884035e-19,0.012642971224546034
503e3f23441a07eb,controlled_counts100_chain3__start0,epsilon_greedy,1.0,3.0,0.01,corrected,faa,greedy_recovery,all,0,300,0.0,8.673617379884035e-19,0.012642971224546034
503e3f23441a07eb,controlled_counts100_chain3__start0,epsilon_greedy,1.0,3.0,0.01,corrected,faa,greedy_recovery,all,5000,300,0.0,8.673617379884035e-19,0.012642971224546034
503e3f23441a07eb,controlled_counts100_chain3__start0,epsilon_greedy,1.0,3.0,0.01,corrected,faa,q_recovery,all,0,300,0.0,8.673617379884035e-19,0.012642971224546034
503e3f23441a07eb,controlled_counts100_chain3__start0,epsilon_greedy,1.0,3.0,0.01,corrected,faa,q_recovery,all,5000,300,0.0,8.673617379884035e-19,0.012642971224546034
503e3f23441a07eb,controlled_counts100_chain3__start0,epsilon_greedy,1.0,3.0,0.01,corrected,faa,greedy_confirmation,all,0,300,1.0,0.9873570287754538,0.9999999999999998
503e3f23441a07eb,controlled_counts100_chain3__start0,epsilon_greedy,1.0,3.0,0.01,corrected,faa,greedy_confirmation,all,19,300,0.0,8.673617379884035e-19,0.012642971224546034
503e3f23441a07eb,controlled_counts100_chain3__start0,epsilon_greedy,1.0,3.0,0.01,corrected,faa,greedy_confirmation,all,5000,300,0.0,8.673617379884035e-19,0.012642971224546034
503e3f23441a07eb,controlled_counts100_chain3__start0,epsilon_greedy,1.0,3.0,0.01,corrected,faa,q_confirmation,all,0,300,1.0,0.9873570287754538,0.9999999999999998
503e3f23441a07eb,controlled_counts100_chain3__start0,epsilon_greedy,1.0,3.0,0.01,corrected,faa,q_confirmation,all,19,300,0.0,8.673617379884035e-19,0.012642971224546034
503e3f23441a07eb,controlled_counts100_chain3__start0,epsilon_greedy,1.0,3.0,0.01,corrected,faa,q_confirmation,all,5000,300,0.0,8.673617379884035e-19,0.012642971224546034
503e3f23441a07eb,controlled_counts100_chain3__start0,epsilon_greedy,1.0,3.0,0.01,corrected,faa,attainment,all,0,300,1.0,0.9873570287754538,0.9999999999999998
503e3f23441a07eb,controlled_counts100_chain3__start0,epsilon_greedy,1.0,3.0,0.01,corrected,faa,attainment,all,1,300,0.0,8.673617379884035e-19,0.012642971224546034
503e3f23441a07eb,controlled_counts100_chain3__start0,epsilon_greedy,1.0,3.0,0.01,corrected,faa,attainment,all,500,300,0.0,8.673617379884035e-19,0.012642971224546034
54f69fe2e38933e0,controlled_counts1_chain3__start0,epsilon_greedy,3.0,3.0,0.01,corrected,clean,target_loss,all,0,300,0.0,8.673617379884035e-19,0.012642971224546034
54f69fe2e38933e0,controlled_counts1_chain3__start0,epsilon_greedy,3.0,3.0,0.01,corrected,clean,target_loss,all,5000,300,0.0,8.673617379884035e-19,0.012642971224546034
54f69fe2e38933e0,controlled_counts1_chain3__start0,epsilon_greedy,3.0,3.0,0.01,corrected,clean,greedy_recovery,all,0,300,0.0,8.673617379884035e-19,0.012642971224546034
54f69fe2e38933e0,controlled_counts1_chain3__start0,epsilon_greedy,3.0,3.0,0.01,corrected,clean,greedy_recovery,all,5000,300,0.0,8.673617379884035e-19,0.012642971224546034
54f69fe2e38933e0,controlled_counts1_chain3__start0,epsilon_greedy,3.0,3.0,0.01,corrected,clean,q_recovery,all,0,300,0.0,8.673617379884035e-19,0.012642971224546034
54f69fe2e38933e0,controlled_counts1_chain3__start0,epsilon_greedy,3.0,3.0,0.01,corrected,clean,q_recovery,all,5000,300,0.0,8.673617379884035e-19,0.012642971224546034
54f69fe2e38933e0,controlled_counts1_chain3__start0,epsilon_greedy,3.0,3.0,0.01,corrected,clean,greedy_confirmation,all,0,300,1.0,0.9873570287754538,0.9999999999999998
54f69fe2e38933e0,controlled_counts1_chain3__start0,epsilon_greedy,3.0,3.0,0.01,corrected,clean,greedy_confirmation,all,19,300,0.0,8.673617379884035e-19,0.012642971224546034
54f69fe2e38933e0,controlled_counts1_chain3__start0,epsilon_greedy,3.0,3.0,0.01,corrected,clean,greedy_confirmation,all,5000,300,0.0,8.673617379884035e-19,0.012642971224546034
54f69fe2e38933e0,controlled_counts1_chain3__start0,epsilon_greedy,3.0,3.0,0.01,corrected,clean,q_confirmation,all,0,300,1.0,0.9873570287754538,0.9999999999999998
54f69fe2e38933e0,controlled_counts1_chain3__start0,epsilon_greedy,3.0,3.0,0.01,corrected,clean,q_confirmation,all,19,300,0.0,8.673617379884035e-19,0.012642971224546034
54f69fe2e38933e0,controlled_counts1_chain3__start0,epsilon_greedy,3.0,3.0,0.01,corrected,clean,q_confirmation,all,5000,300,0.0,8.673617379884035e-19,0.012642971224546034
54f69fe2e38933e0,controlled_counts1_chain3__start0,epsilon_greedy,3.0,3.0,0.01,corrected,clean,attainment,all,0,300,1.0,0.9873570287754538,0.9999999999999998
54f69fe2e38933e0,controlled_counts1_chain3__start0,epsilon_greedy,3.0,3.0,0.01,corrected,clean,attainment,all,500,300,1.0,0.9873570287754538,0.9999999999999998
54f69fe2e38933e0,controlled_counts1_chain3__start0,epsilon_greedy,3.0,3.0,0.01,corrected,faa,target_loss,all,0,300,0.0,8.673617379884035e-19,0.012642971224546034
54f69fe2e38933e0,controlled_counts1_chain3__start0,epsilon_greedy,3.0,3.0,0.01,corrected,faa,target_loss,all,5000,300,0.0,8.673617379884035e-19,0.012642971224546034
54f69fe2e38933e0,controlled_counts1_chain3__start0,epsilon_greedy,3.0,3.0,0.01,corrected,faa,greedy_recovery,all,0,300,0.0,8.673617379884035e-19,0.012642971224546034
54f69fe2e38933e0,controlled_counts1_chain3__start0,epsilon_greedy,3.0,3.0,0.01,corrected,faa,greedy_recovery,all,5000,300,0.0,8.673617379884035e-19,0.012642971224546034
54f69fe2e38933e0,controlled_counts1_chain3__start0,epsilon_greedy,3.0,3.0,0.01,corrected,faa,q_recovery,all,0,300,0.0,8.673617379884035e-19,0.012642971224546034
54f69fe2e38933e0,controlled_counts1_chain3__start0,epsilon_greedy,3.0,3.0,0.01,corrected,faa,q_recovery,all,5000,300,0.0,8.673617379884035e-19,0.012642971224546034
54f69fe2e38933e0,controlled_counts1_chain3__start0,epsilon_greedy,3.0,3.0,0.01,corrected,faa,greedy_confirmation,all,0,300,1.0,0.9873570287754538,0.9999999999999998
54f69fe2e38933e0,controlled_counts1_chain3__start0,epsilon_greedy,3.0,3.0,0.01,corrected,faa,greedy_confirmation,all,19,300,0.0,8.673617379884035e-19,0.012642971224546034
54f69fe2e38933e0,controlled_counts1_chain3__start0,epsilon_greedy,3.0,3.0,0.01,corrected,faa,greedy_confirmation,all,5000,300,0.0,8.673617379884035e-19,0.012642971224546034
54f69fe2e38933e0,controlled_counts1_chain3__start0,epsilon_greedy,3.0,3.0,0.01,corrected,faa,q_confirmation,all,0,300,1.0,0.9873570287754538,0.9999999999999998
54f69fe2e38933e0,controlled_counts1_chain3__start0,epsilon_greedy,3.0,3.0,0.01,corrected,faa,q_confirmation,all,19,300,0.0,8.673617379884035e-19,0.012642971224546034
54f69fe2e38933e0,controlled_counts1_chain3__start0,epsilon_greedy,3.0,3.0,0.01,corrected,faa,q_confirmation,all,5000,300,0.0,8.673617379884035e-19,0.012642971224546034
54f69fe2e38933e0,controlled_counts1_chain3__start0,epsilon_greedy,3.0,3.0,0.01,corrected,faa,attainment,all,0,300,1.0,0.9873570287754538,0.9999999999999998
54f69fe2e38933e0,controlled_counts1_chain3__start0,epsilon_greedy,3.0,3.0,0.01,corrected,faa,attainment,all,1,300,0.0,8.673617379884035e-19,0.012642971224546034
54f69fe2e38933e0,controlled_counts1_chain3__start0,epsilon_greedy,3.0,3.0,0.01,corrected,faa,attainment,all,500,300,0.0,8.673617379884035e-19,0.012642971224546034
556f9db582af7718,controlled_counts1_chain3__start0,ucb,3.0,3.0,0.01,corrected,clean,target_loss,all,0,1,0.0,,
556f9db582af7718,controlled_counts1_chain3__start0,ucb,3.0,3.0,0.01,corrected,clean,target_loss,all,5000,1,0.0,,
556f9db582af7718,controlled_counts1_chain3__start0,ucb,3.0,3.0,0.01,corrected,clean,greedy_recovery,all,0,1,0.0,,
556f9db582af7718,controlled_counts1_chain3__start0,ucb,3.0,3.0,0.01,corrected,clean,greedy_recovery,all,5000,1,0.0,,
556f9db582af7718,controlled_counts1_chain3__start0,ucb,3.0,3.0,0.01,corrected,clean,q_recovery,all,0,1,0.0,,
556f9db582af7718,controlled_counts1_chain3__start0,ucb,3.0,3.0,0.01,corrected,clean,q_recovery,all,5000,1,0.0,,
556f9db582af7718,controlled_counts1_chain3__start0,ucb,3.0,3.0,0.01,corrected,clean,greedy_confirmation,all,0,1,1.0,,
556f9db582af7718,controlled_counts1_chain3__start0,ucb,3.0,3.0,0.01,corrected,clean,greedy_confirmation,all,19,1,0.0,,
556f9db582af7718,controlled_counts1_chain3__start0,ucb,3.0,3.0,0.01,corrected,clean,greedy_confirmation,all,5000,1,0.0,,
556f9db582af7718,controlled_counts1_chain3__start0,ucb,3.0,3.0,0.01,corrected,clean,q_confirmation,all,0,1,1.0,,
556f9db582af7718,controlled_counts1_chain3__start0,ucb,3.0,3.0,0.01,corrected,clean,q_confirmation,all,19,1,0.0,,
556f9db582af7718,controlled_counts1_chain3__start0,ucb,3.0,3.0,0.01,corrected,clean,q_confirmation,all,5000,1,0.0,,
556f9db582af7718,controlled_counts1_chain3__start0,ucb,3.0,3.0,0.01,corrected,clean,attainment,all,0,1,1.0,,
556f9db582af7718,controlled_counts1_chain3__start0,ucb,3.0,3.0,0.01,corrected,clean,attainment,all,500,1,1.0,,
556f9db582af7718,controlled_counts1_chain3__start0,ucb,3.0,3.0,0.01,corrected,faa,target_loss,all,0,1,0.0,,
556f9db582af7718,controlled_counts1_chain3__start0,ucb,3.0,3.0,0.01,corrected,faa,target_loss,all,5000,1,0.0,,
556f9db582af7718,controlled_counts1_chain3__start0,ucb,3.0,3.0,0.01,corrected,faa,greedy_recovery,all,0,1,0.0,,
556f9db582af7718,controlled_counts1_chain3__start0,ucb,3.0,3.0,0.01,corrected,faa,greedy_recovery,all,5000,1,0.0,,
556f9db582af7718,controlled_counts1_chain3__start0,ucb,3.0,3.0,0.01,corrected,faa,q_recovery,all,0,1,0.0,,
556f9db582af7718,controlled_counts1_chain3__start0,ucb,3.0,3.0,0.01,corrected,faa,q_recovery,all,5000,1,0.0,,
556f9db582af7718,controlled_counts1_chain3__start0,ucb,3.0,3.0,0.01,corrected,faa,greedy_confirmation,all,0,1,1.0,,
556f9db582af7718,controlled_counts1_chain3__start0,ucb,3.0,3.0,0.01,corrected,faa,greedy_confirmation,all,19,1,0.0,,
556f9db582af7718,controlled_counts1_chain3__start0,ucb,3.0,3.0,0.01,corrected,faa,greedy_confirmation,all,5000,1,0.0,,
556f9db582af7718,controlled_counts1_chain3__start0,ucb,3.0,3.0,0.01,corrected,faa,q_confirmation,all,0,1,1.0,,
556f9db582af7718,controlled_counts1_chain3__start0,ucb,3.0,3.0,0.01,corrected,faa,q_confirmation,all,19,1,0.0,,
556f9db582af7718,controlled_counts1_chain3__start0,ucb,3.0,3.0,0.01,corrected,faa,q_confirmation,all,5000,1,0.0,,
556f9db582af7718,controlled_counts1_chain3__start0,ucb,3.0,3.0,0.01,corrected,faa,attainment,all,0,1,1.0,,
556f9db582af7718,controlled_counts1_chain3__start0,ucb,3.0,3.0,0.01,corrected,faa,attainment,all,1,1,0.0,,
556f9db582af7718,controlled_counts1_chain3__start0,ucb,3.0,3.0,0.01,corrected,faa,attainment,all,500,1,0.0,,
58a88986c0eb61c8,controlled_counts1_chain3__start0,epsilon_greedy,1.0,3.0,0.01,corrected,clean,target_loss,all,0,300,0.0,8.673617379884035e-19,0.012642971224546034
58a88986c0eb61c8,controlled_counts1_chain3__start0,epsilon_greedy,1.0,3.0,0.01,corrected,clean,target_loss,all,5000,300,0.0,8.673617379884035e-19,0.012642971224546034
58a88986c0eb61c8,controlled_counts1_chain3__start0,epsilon_greedy,1.0,3.0,0.01,corrected,clean,greedy_recovery,all,0,300,0.0,8.673617379884035e-19,0.012642971224546034
58a88986c0eb61c8,controlled_counts1_chain3__start0,epsilon_greedy,1.0,3.0,0.01,corrected,clean,greedy_recovery,all,5000,300,0.0,8.673617379884035e-19,0.012642971224546034
58a88986c0eb61c8,controlled_counts1_chain3__start0,epsilon_greedy,1.0,3.0,0.01,corrected,clean,q_recovery,all,0,300,0.0,8.673617379884035e-19,0.012642971224546034
58a88986c0eb61c8,controlled_counts1_chain3__start0,epsilon_greedy,1.0,3.0,0.01,corrected,clean,q_recovery,all,5000,300,0.0,8.673617379884035e-19,0.012642971224546034
58a88986c0eb61c8,controlled_counts1_chain3__start0,epsilon_greedy,1.0,3.0,0.01,corrected,clean,greedy_confirmation,all,0,300,1.0,0.9873570287754538,0.9999999999999998
58a88986c0eb61c8,controlled_counts1_chain3__start0,epsilon_greedy,1.0,3.0,0.01,corrected,clean,greedy_confirmation,all,19,300,0.0,8.673617379884035e-19,0.012642971224546034
58a88986c0eb61c8,controlled_counts1_chain3__start0,epsilon_greedy,1.0,3.0,0.01,corrected,clean,greedy_confirmation,all,5000,300,0.0,8.673617379884035e-19,0.012642971224546034
58a88986c0eb61c8,controlled_counts1_chain3__start0,epsilon_greedy,1.0,3.0,0.01,corrected,clean,q_confirmation,all,0,300,1.0,0.9873570287754538,0.9999999999999998
58a88986c0eb61c8,controlled_counts1_chain3__start0,epsilon_greedy,1.0,3.0,0.01,corrected,clean,q_confirmation,all,19,300,0.0,8.673617379884035e-19,0.012642971224546034
58a88986c0eb61c8,controlled_counts1_chain3__start0,epsilon_greedy,1.0,3.0,0.01,corrected,clean,q_confirmation,all,5000,300,0.0,8.673617379884035e-19,0.012642971224546034
58a88986c0eb61c8,controlled_counts1_chain3__start0,epsilon_greedy,1.0,3.0,0.01,corrected,clean,attainment,all,0,300,1.0,0.9873570287754538,0.9999999999999998
58a88986c0eb61c8,controlled_counts1_chain3__start0,epsilon_greedy,1.0,3.0,0.01,corrected,clean,attainment,all,500,300,1.0,0.9873570287754538,0.9999999999999998
58a88986c0eb61c8,controlled_counts1_chain3__start0,epsilon_greedy,1.0,3.0,0.01,corrected,faa,target_loss,all,0,300,0.0,8.673617379884035e-19,0.012642971224546034
58a88986c0eb61c8,controlled_counts1_chain3__start0,epsilon_greedy,1.0,3.0,0.01,corrected,faa,target_loss,all,5000,300,0.0,8.673617379884035e-19,0.012642971224546034
58a88986c0eb61c8,controlled_counts1_chain3__start0,epsilon_greedy,1.0,3.0,0.01,corrected,faa,greedy_recovery,all,0,300,0.0,8.673617379884035e-19,0.012642971224546034
58a88986c0eb61c8,controlled_counts1_chain3__start0,epsilon_greedy,1.0,3.0,0.01,corrected,faa,greedy_recovery,all,5000,300,0.0,8.673617379884035e-19,0.012642971224546034
58a88986c0eb61c8,controlled_counts1_chain3__start0,epsilon_greedy,1.0,3.0,0.01,corrected,faa,q_recovery,all,0,300,0.0,8.673617379884035e-19,0.012642971224546034
58a88986c0eb61c8,controlled_counts1_chain3__start0,epsilon_greedy,1.0,3.0,0.01,corrected,faa,q_recovery,all,5000,300,0.0,8.673617379884035e-19,0.012642971224546034
58a88986c0eb61c8,controlled_counts1_chain3__start0,epsilon_greedy,1.0,3.0,0.01,corrected,faa,greedy_confirmation,all,0,300,1.0,0.9873570287754538,0.9999999999999998
58a88986c0eb61c8,controlled_counts1_chain3__start0,epsilon_greedy,1.0,3.0,0.01,corrected,faa,greedy_confirmation,all,19,300,0.0,8.673617379884035e-19,0.012642971224546034
58a88986c0eb61c8,controlled_counts1_chain3__start0,epsilon_greedy,1.0,3.0,0.01,corrected,faa,greedy_confirmation,all,5000,300,0.0,8.673617379884035e-19,0.012642971224546034
58a88986c0eb61c8,controlled_counts1_chain3__start0,epsilon_greedy,1.0,3.0,0.01,corrected,faa,q_confirmation,all,0,300,1.0,0.9873570287754538,0.9999999999999998
58a88986c0eb61c8,controlled_counts1_chain3__start0,epsilon_greedy,1.0,3.0,0.01,corrected,faa,q_confirmation,all,19,300,0.0,8.673617379884035e-19,0.012642971224546034
58a88986c0eb61c8,controlled_counts1_chain3__start0,epsilon_greedy,1.0,3.0,0.01,corrected,faa,q_confirmation,all,5000,300,0.0,8.673617379884035e-19,0.012642971224546034
58a88986c0eb61c8,controlled_counts1_chain3__start0,epsilon_greedy,1.0,3.0,0.01,corrected,faa,attainment,all,0,300,1.0,0.9873570287754538,0.9999999999999998
58a88986c0eb61c8,controlled_counts1_chain3__start0,epsilon_greedy,1.0,3.0,0.01,corrected,faa,attainment,all,1,300,0.0,8.673617379884035e-19,0.012642971224546034
58a88986c0eb61c8,controlled_counts1_chain3__start0,epsilon_greedy,1.0,3.0,0.01,corrected,faa,attainment,all,500,300,0.0,8.673617379884035e-19,0.012642971224546034
61a7587769b498cc,controlled_counts100_chain3__start0,softmax,1.0,3.0,0.01,corrected,clean,target_loss,all,0,300,0.0,8.673617379884035e-19,0.012642971224546034
61a7587769b498cc,controlled_counts100_chain3__start0,softmax,1.0,3.0,0.01,corrected,clean,target_loss,all,5000,300,0.0,8.673617379884035e-19,0.012642971224546034
61a7587769b498cc,controlled_counts100_chain3__start0,softmax,1.0,3.0,0.01,corrected,clean,greedy_recovery,all,0,300,0.0,8.673617379884035e-19,0.012642971224546034
61a7587769b498cc,controlled_counts100_chain3__start0,softmax,1.0,3.0,0.01,corrected,clean,greedy_recovery,all,5000,300,0.0,8.673617379884035e-19,0.012642971224546034
61a7587769b498cc,controlled_counts100_chain3__start0,softmax,1.0,3.0,0.01,corrected,clean,q_recovery,all,0,300,0.0,8.673617379884035e-19,0.012642971224546034
61a7587769b498cc,controlled_counts100_chain3__start0,softmax,1.0,3.0,0.01,corrected,clean,q_recovery,all,5000,300,0.0,8.673617379884035e-19,0.012642971224546034
61a7587769b498cc,controlled_counts100_chain3__start0,softmax,1.0,3.0,0.01,corrected,clean,greedy_confirmation,all,0,300,1.0,0.9873570287754538,0.9999999999999998
61a7587769b498cc,controlled_counts100_chain3__start0,softmax,1.0,3.0,0.01,corrected,clean,greedy_confirmation,all,19,300,0.0,8.673617379884035e-19,0.012642971224546034
61a7587769b498cc,controlled_counts100_chain3__start0,softmax,1.0,3.0,0.01,corrected,clean,greedy_confirmation,all,5000,300,0.0,8.673617379884035e-19,0.012642971224546034
61a7587769b498cc,controlled_counts100_chain3__start0,softmax,1.0,3.0,0.01,corrected,clean,q_confirmation,all,0,300,1.0,0.9873570287754538,0.9999999999999998
61a7587769b498cc,controlled_counts100_chain3__start0,softmax,1.0,3.0,0.01,corrected,clean,q_confirmation,all,19,300,0.0,8.673617379884035e-19,0.012642971224546034
61a7587769b498cc,controlled_counts100_chain3__start0,softmax,1.0,3.0,0.01,corrected,clean,q_confirmation,all,5000,300,0.0,8.673617379884035e-19,0.012642971224546034
61a7587769b498cc,controlled_counts100_chain3__start0,softmax,1.0,3.0,0.01,corrected,clean,attainment,all,0,300,1.0,0.9873570287754538,0.9999999999999998
61a7587769b498cc,controlled_counts100_chain3__start0,softmax,1.0,3.0,0.01,corrected,clean,attainment,all,500,300,1.0,0.9873570287754538,0.9999999999999998
61a7587769b498cc,controlled_counts100_chain3__start0,softmax,1.0,3.0,0.01,corrected,faa,target_loss,all,0,300,0.0,8.673617379884035e-19,0.012642971224546034
61a7587769b498cc,controlled_counts100_chain3__start0,softmax,1.0,3.0,0.01,corrected,faa,target_loss,all,5000,300,0.0,8.673617379884035e-19,0.012642971224546034
61a7587769b498cc,controlled_counts100_chain3__start0,softmax,1.0,3.0,0.01,corrected,faa,greedy_recovery,all,0,300,0.0,8.673617379884035e-19,0.012642971224546034
61a7587769b498cc,controlled_counts100_chain3__start0,softmax,1.0,3.0,0.01,corrected,faa,greedy_recovery,all,5000,300,0.0,8.673617379884035e-19,0.012642971224546034
61a7587769b498cc,controlled_counts100_chain3__start0,softmax,1.0,3.0,0.01,corrected,faa,q_recovery,all,0,300,0.0,8.673617379884035e-19,0.012642971224546034
61a7587769b498cc,controlled_counts100_chain3__start0,softmax,1.0,3.0,0.01,corrected,faa,q_recovery,all,5000,300,0.0,8.673617379884035e-19,0.012642971224546034
61a7587769b498cc,controlled_counts100_chain3__start0,softmax,1.0,3.0,0.01,corrected,faa,greedy_confirmation,all,0,300,1.0,0.9873570287754538,0.9999999999999998
61a7587769b498cc,controlled_counts100_chain3__start0,softmax,1.0,3.0,0.01,corrected,faa,greedy_confirmation,all,19,300,0.0,8.673617379884035e-19,0.012642971224546034
61a7587769b498cc,controlled_counts100_chain3__start0,softmax,1.0,3.0,0.01,corrected,faa,greedy_confirmation,all,5000,300,0.0,8.673617379884035e-19,0.012642971224546034
61a7587769b498cc,controlled_counts100_chain3__start0,softmax,1.0,3.0,0.01,corrected,faa,q_confirmation,all,0,300,1.0,0.9873570287754538,0.9999999999999998
61a7587769b498cc,controlled_counts100_chain3__start0,softmax,1.0,3.0,0.01,corrected,faa,q_confirmation,all,19,300,0.0,8.673617379884035e-19,0.012642971224546034
61a7587769b498cc,controlled_counts100_chain3__start0,softmax,1.0,3.0,0.01,corrected,faa,q_confirmation,all,5000,300,0.0,8.673617379884035e-19,0.012642971224546034
61a7587769b498cc,controlled_counts100_chain3__start0,softmax,1.0,3.0,0.01,corrected,faa,attainment,all,0,300,1.0,0.9873570287754538,0.9999999999999998
61a7587769b498cc,controlled_counts100_chain3__start0,softmax,1.0,3.0,0.01,corrected,faa,attainment,all,1,300,0.0,8.673617379884035e-19,0.012642971224546034
61a7587769b498cc,controlled_counts100_chain3__start0,softmax,1.0,3.0,0.01,corrected,faa,attainment,all,500,300,0.0,8.673617379884035e-19,0.012642971224546034
62f52cd7dd0c65f9,controlled_counts1_chain3__start0,softmax,1.0,3.0,0.01,corrected,clean,target_loss,all,0,300,0.0,8.673617379884035e-19,0.012642971224546034
62f52cd7dd0c65f9,controlled_counts1_chain3__start0,softmax,1.0,3.0,0.01,corrected,clean,target_loss,all,5000,300,0.0,8.673617379884035e-19,0.012642971224546034
62f52cd7dd0c65f9,controlled_counts1_chain3__start0,softmax,1.0,3.0,0.01,corrected,clean,greedy_recovery,all,0,300,0.0,8.673617379884035e-19,0.012642971224546034
62f52cd7dd0c65f9,controlled_counts1_chain3__start0,softmax,1.0,3.0,0.01,corrected,clean,greedy_recovery,all,5000,300,0.0,8.673617379884035e-19,0.012642971224546034
62f52cd7dd0c65f9,controlled_counts1_chain3__start0,softmax,1.0,3.0,0.01,corrected,clean,q_recovery,all,0,300,0.0,8.673617379884035e-19,0.012642971224546034
62f52cd7dd0c65f9,controlled_counts1_chain3__start0,softmax,1.0,3.0,0.01,corrected,clean,q_recovery,all,5000,300,0.0,8.673617379884035e-19,0.012642971224546034
62f52cd7dd0c65f9,controlled_counts1_chain3__start0,softmax,1.0,3.0,0.01,corrected,clean,greedy_confirmation,all,0,300,1.0,0.9873570287754538,0.9999999999999998
62f52cd7dd0c65f9,controlled_counts1_chain3__start0,softmax,1.0,3.0,0.01,corrected,clean,greedy_confirmation,all,19,300,0.0,8.673617379884035e-19,0.012642971224546034
62f52cd7dd0c65f9,controlled_counts1_chain3__start0,softmax,1.0,3.0,0.01,corrected,clean,greedy_confirmation,all,5000,300,0.0,8.673617379884035e-19,0.012642971224546034
62f52cd7dd0c65f9,controlled_counts1_chain3__start0,softmax,1.0,3.0,0.01,corrected,clean,q_confirmation,all,0,300,1.0,0.9873570287754538,0.9999999999999998
62f52cd7dd0c65f9,controlled_counts1_chain3__start0,softmax,1.0,3.0,0.01,corrected,clean,q_confirmation,all,19,300,0.0,8.673617379884035e-19,0.012642971224546034
62f52cd7dd0c65f9,controlled_counts1_chain3__start0,softmax,1.0,3.0,0.01,corrected,clean,q_confirmation,all,5000,300,0.0,8.673617379884035e-19,0.012642971224546034
62f52cd7dd0c65f9,controlled_counts1_chain3__start0,softmax,1.0,3.0,0.01,corrected,clean,attainment,all,0,300,1.0,0.9873570287754538,0.9999999999999998
62f52cd7dd0c65f9,controlled_counts1_chain3__start0,softmax,1.0,3.0,0.01,corrected,clean,attainment,all,500,300,1.0,0.9873570287754538,0.9999999999999998
62f52cd7dd0c65f9,controlled_counts1_chain3__start0,softmax,1.0,3.0,0.01,corrected,faa,target_loss,all,0,300,0.0,8.673617379884035e-19,0.012642971224546034
62f52cd7dd0c65f9,controlled_counts1_chain3__start0,softmax,1.0,3.0,0.01,corrected,faa,target_loss,all,5000,300,0.0,8.673617379884035e-19,0.012642971224546034
62f52cd7dd0c65f9,controlled_counts1_chain3__start0,softmax,1.0,3.0,0.01,corrected,faa,greedy_recovery,all,0,300,0.0,8.673617379884035e-19,0.012642971224546034
62f52cd7dd0c65f9,controlled_counts1_chain3__start0,softmax,1.0,3.0,0.01,corrected,faa,greedy_recovery,all,5000,300,0.0,8.673617379884035e-19,0.012642971224546034
62f52cd7dd0c65f9,controlled_counts1_chain3__start0,softmax,1.0,3.0,0.01,corrected,faa,q_recovery,all,0,300,0.0,8.673617379884035e-19,0.012642971224546034
62f52cd7dd0c65f9,controlled_counts1_chain3__start0,softmax,1.0,3.0,0.01,corrected,faa,q_recovery,all,5000,300,0.0,8.673617379884035e-19,0.012642971224546034
62f52cd7dd0c65f9,controlled_counts1_chain3__start0,softmax,1.0,3.0,0.01,corrected,faa,greedy_confirmation,all,0,300,1.0,0.9873570287754538,0.9999999999999998
62f52cd7dd0c65f9,controlled_counts1_chain3__start0,softmax,1.0,3.0,0.01,corrected,faa,greedy_confirmation,all,19,300,0.0,8.673617379884035e-19,0.012642971224546034
62f52cd7dd0c65f9,controlled_counts1_chain3__start0,softmax,1.0,3.0,0.01,corrected,faa,greedy_confirmation,all,5000,300,0.0,8.673617379884035e-19,0.012642971224546034
62f52cd7dd0c65f9,controlled_counts1_chain3__start0,softmax,1.0,3.0,0.01,corrected,faa,q_confirmation,all,0,300,1.0,0.9873570287754538,0.9999999999999998
62f52cd7dd0c65f9,controlled_counts1_chain3__start0,softmax,1.0,3.0,0.01,corrected,faa,q_confirmation,all,19,300,0.0,8.673617379884035e-19,0.012642971224546034
62f52cd7dd0c65f9,controlled_counts1_chain3__start0,softmax,1.0,3.0,0.01,corrected,faa,q_confirmation,all,5000,300,0.0,8.673617379884035e-19,0.012642971224546034
62f52cd7dd0c65f9,controlled_counts1_chain3__start0,softmax,1.0,3.0,0.01,corrected,faa,attainment,all,0,300,1.0,0.9873570287754538,0.9999999999999998
62f52cd7dd0c65f9,controlled_counts1_chain3__start0,softmax,1.0,3.0,0.01,corrected,faa,attainment,all,1,300,0.0,8.673617379884035e-19,0.012642971224546034
62f52cd7dd0c65f9,controlled_counts1_chain3__start0,softmax,1.0,3.0,0.01,corrected,faa,attainment,all,500,300,0.0,8.673617379884035e-19,0.012642971224546034
6b0410ed32a16ab2,controlled_counts100_chain3__start0,ucb,1.0,3.0,0.01,corrected,clean,target_loss,all,0,1,0.0,,
6b0410ed32a16ab2,controlled_counts100_chain3__start0,ucb,1.0,3.0,0.01,corrected,clean,target_loss,all,5000,1,0.0,,
6b0410ed32a16ab2,controlled_counts100_chain3__start0,ucb,1.0,3.0,0.01,corrected,clean,greedy_recovery,all,0,1,0.0,,
6b0410ed32a16ab2,controlled_counts100_chain3__start0,ucb,1.0,3.0,0.01,corrected,clean,greedy_recovery,all,5000,1,0.0,,
6b0410ed32a16ab2,controlled_counts100_chain3__start0,ucb,1.0,3.0,0.01,corrected,clean,q_recovery,all,0,1,0.0,,
6b0410ed32a16ab2,controlled_counts100_chain3__start0,ucb,1.0,3.0,0.01,corrected,clean,q_recovery,all,5000,1,0.0,,
6b0410ed32a16ab2,controlled_counts100_chain3__start0,ucb,1.0,3.0,0.01,corrected,clean,greedy_confirmation,all,0,1,1.0,,
6b0410ed32a16ab2,controlled_counts100_chain3__start0,ucb,1.0,3.0,0.01,corrected,clean,greedy_confirmation,all,19,1,0.0,,
6b0410ed32a16ab2,controlled_counts100_chain3__start0,ucb,1.0,3.0,0.01,corrected,clean,greedy_confirmation,all,5000,1,0.0,,
6b0410ed32a16ab2,controlled_counts100_chain3__start0,ucb,1.0,3.0,0.01,corrected,clean,q_confirmation,all,0,1,1.0,,
6b0410ed32a16ab2,controlled_counts100_chain3__start0,ucb,1.0,3.0,0.01,corrected,clean,q_confirmation,all,19,1,0.0,,
6b0410ed32a16ab2,controlled_counts100_chain3__start0,ucb,1.0,3.0,0.01,corrected,clean,q_confirmation,all,5000,1,0.0,,
6b0410ed32a16ab2,controlled_counts100_chain3__start0,ucb,1.0,3.0,0.01,corrected,clean,attainment,all,0,1,1.0,,
6b0410ed32a16ab2,controlled_counts100_chain3__start0,ucb,1.0,3.0,0.01,corrected,clean,attainment,all,500,1,1.0,,
6b0410ed32a16ab2,controlled_counts100_chain3__start0,ucb,1.0,3.0,0.01,corrected,faa,target_loss,all,0,1,0.0,,
6b0410ed32a16ab2,controlled_counts100_chain3__start0,ucb,1.0,3.0,0.01,corrected,faa,target_loss,all,5000,1,0.0,,
6b0410ed32a16ab2,controlled_counts100_chain3__start0,ucb,1.0,3.0,0.01,corrected,faa,greedy_recovery,all,0,1,0.0,,
6b0410ed32a16ab2,controlled_counts100_chain3__start0,ucb,1.0,3.0,0.01,corrected,faa,greedy_recovery,all,5000,1,0.0,,
6b0410ed32a16ab2,controlled_counts100_chain3__start0,ucb,1.0,3.0,0.01,corrected,faa,q_recovery,all,0,1,1.0,,
6b0410ed32a16ab2,controlled_counts100_chain3__start0,ucb,1.0,3.0,0.01,corrected,faa,q_recovery,all,5000,1,1.0,,
6b0410ed32a16ab2,controlled_counts100_chain3__start0,ucb,1.0,3.0,0.01,corrected,faa,greedy_confirmation,all,0,1,1.0,,
6b0410ed32a16ab2,controlled_counts100_chain3__start0,ucb,1.0,3.0,0.01,corrected,faa,greedy_confirmation,all,19,1,0.0,,
6b0410ed32a16ab2,controlled_counts100_chain3__start0,ucb,1.0,3.0,0.01,corrected,faa,greedy_confirmation,all,5000,1,0.0,,
6b0410ed32a16ab2,controlled_counts100_chain3__start0,ucb,1.0,3.0,0.01,corrected,faa,q_confirmation,all,0,1,1.0,,
6b0410ed32a16ab2,controlled_counts100_chain3__start0,ucb,1.0,3.0,0.01,corrected,faa,q_confirmation,all,5000,1,1.0,,
6b0410ed32a16ab2,controlled_counts100_chain3__start0,ucb,1.0,3.0,0.01,corrected,faa,attainment,all,0,1,1.0,,
6b0410ed32a16ab2,controlled_counts100_chain3__start0,ucb,1.0,3.0,0.01,corrected,faa,attainment,all,1,1,0.0,,
6b0410ed32a16ab2,controlled_counts100_chain3__start0,ucb,1.0,3.0,0.01,corrected,faa,attainment,all,500,1,0.0,,
77afd18ff442be1d,controlled_counts100_chain3__start0,epsilon_greedy,3.0,3.0,0.01,corrected,clean,target_loss,all,0,300,0.0,8.673617379884035e-19,0.012642971224546034
77afd18ff442be1d,controlled_counts100_chain3__start0,epsilon_greedy,3.0,3.0,0.01,corrected,clean,target_loss,all,5000,300,0.0,8.673617379884035e-19,0.012642971224546034
77afd18ff442be1d,controlled_counts100_chain3__start0,epsilon_greedy,3.0,3.0,0.01,corrected,clean,greedy_recovery,all,0,300,0.0,8.673617379884035e-19,0.012642971224546034
77afd18ff442be1d,controlled_counts100_chain3__start0,epsilon_greedy,3.0,3.0,0.01,corrected,clean,greedy_recovery,all,5000,300,0.0,8.673617379884035e-19,0.012642971224546034
77afd18ff442be1d,controlled_counts100_chain3__start0,epsilon_greedy,3.0,3.0,0.01,corrected,clean,q_recovery,all,0,300,0.0,8.673617379884035e-19,0.012642971224546034
77afd18ff442be1d,controlled_counts100_chain3__start0,epsilon_greedy,3.0,3.0,0.01,corrected,clean,q_recovery,all,5000,300,0.0,8.673617379884035e-19,0.012642971224546034
77afd18ff442be1d,controlled_counts100_chain3__start0,epsilon_greedy,3.0,3.0,0.01,corrected,clean,greedy_confirmation,all,0,300,1.0,0.9873570287754538,0.9999999999999998
77afd18ff442be1d,controlled_counts100_chain3__start0,epsilon_greedy,3.0,3.0,0.01,corrected,clean,greedy_confirmation,all,19,300,0.0,8.673617379884035e-19,0.012642971224546034
77afd18ff442be1d,controlled_counts100_chain3__start0,epsilon_greedy,3.0,3.0,0.01,corrected,clean,greedy_confirmation,all,5000,300,0.0,8.673617379884035e-19,0.012642971224546034
77afd18ff442be1d,controlled_counts100_chain3__start0,epsilon_greedy,3.0,3.0,0.01,corrected,clean,q_confirmation,all,0,300,1.0,0.9873570287754538,0.9999999999999998
77afd18ff442be1d,controlled_counts100_chain3__start0,epsilon_greedy,3.0,3.0,0.01,corrected,clean,q_confirmation,all,19,300,0.0,8.673617379884035e-19,0.012642971224546034
77afd18ff442be1d,controlled_counts100_chain3__start0,epsilon_greedy,3.0,3.0,0.01,corrected,clean,q_confirmation,all,5000,300,0.0,8.673617379884035e-19,0.012642971224546034
77afd18ff442be1d,controlled_counts100_chain3__start0,epsilon_greedy,3.0,3.0,0.01,corrected,clean,attainment,all,0,300,1.0,0.9873570287754538,0.9999999999999998
77afd18ff442be1d,controlled_counts100_chain3__start0,epsilon_greedy,3.0,3.0,0.01,corrected,clean,attainment,all,500,300,1.0,0.9873570287754538,0.9999999999999998
77afd18ff442be1d,controlled_counts100_chain3__start0,epsilon_greedy,3.0,3.0,0.01,corrected,faa,target_loss,all,0,300,0.0,8.673617379884035e-19,0.012642971224546034
77afd18ff442be1d,controlled_counts100_chain3__start0,epsilon_greedy,3.0,3.0,0.01,corrected,faa,target_loss,all,5000,300,0.0,8.673617379884035e-19,0.012642971224546034
77afd18ff442be1d,controlled_counts100_chain3__start0,epsilon_greedy,3.0,3.0,0.01,corrected,faa,greedy_recovery,all,0,300,0.0,8.673617379884035e-19,0.012642971224546034
77afd18ff442be1d,controlled_counts100_chain3__start0,epsilon_greedy,3.0,3.0,0.01,corrected,faa,greedy_recovery,all,5000,300,0.0,8.673617379884035e-19,0.012642971224546034
77afd18ff442be1d,controlled_counts100_chain3__start0,epsilon_greedy,3.0,3.0,0.01,corrected,faa,q_recovery,all,0,300,0.0,8.673617379884035e-19,0.012642971224546034
77afd18ff442be1d,controlled_counts100_chain3__start0,epsilon_greedy,3.0,3.0,0.01,corrected,faa,q_recovery,all,5000,300,0.0,8.673617379884035e-19,0.012642971224546034
77afd18ff442be1d,controlled_counts100_chain3__start0,epsilon_greedy,3.0,3.0,0.01,corrected,faa,greedy_confirmation,all,0,300,1.0,0.9873570287754538,0.9999999999999998
77afd18ff442be1d,controlled_counts100_chain3__start0,epsilon_greedy,3.0,3.0,0.01,corrected,faa,greedy_confirmation,all,19,300,0.0,8.673617379884035e-19,0.012642971224546034
77afd18ff442be1d,controlled_counts100_chain3__start0,epsilon_greedy,3.0,3.0,0.01,corrected,faa,greedy_confirmation,all,5000,300,0.0,8.673617379884035e-19,0.012642971224546034
77afd18ff442be1d,controlled_counts100_chain3__start0,epsilon_greedy,3.0,3.0,0.01,corrected,faa,q_confirmation,all,0,300,1.0,0.9873570287754538,0.9999999999999998
77afd18ff442be1d,controlled_counts100_chain3__start0,epsilon_greedy,3.0,3.0,0.01,corrected,faa,q_confirmation,all,19,300,0.0,8.673617379884035e-19,0.012642971224546034
77afd18ff442be1d,controlled_counts100_chain3__start0,epsilon_greedy,3.0,3.0,0.01,corrected,faa,q_confirmation,all,5000,300,0.0,8.673617379884035e-19,0.012642971224546034
77afd18ff442be1d,controlled_counts100_chain3__start0,epsilon_greedy,3.0,3.0,0.01,corrected,faa,attainment,all,0,300,1.0,0.9873570287754538,0.9999999999999998
77afd18ff442be1d,controlled_counts100_chain3__start0,epsilon_greedy,3.0,3.0,0.01,corrected,faa,attainment,all,1,300,0.0,8.673617379884035e-19,0.012642971224546034
77afd18ff442be1d,controlled_counts100_chain3__start0,epsilon_greedy,3.0,3.0,0.01,corrected,faa,attainment,all,500,300,0.0,8.673617379884035e-19,0.012642971224546034
afff6b3fa18a1458,controlled_counts100_chain3__start0,softmax,3.0,3.0,0.01,corrected,clean,target_loss,all,0,300,0.0,8.673617379884035e-19,0.012642971224546034
afff6b3fa18a1458,controlled_counts100_chain3__start0,softmax,3.0,3.0,0.01,corrected,clean,target_loss,all,5000,300,0.0,8.673617379884035e-19,0.012642971224546034
afff6b3fa18a1458,controlled_counts100_chain3__start0,softmax,3.0,3.0,0.01,corrected,clean,greedy_recovery,all,0,300,0.0,8.673617379884035e-19,0.012642971224546034
afff6b3fa18a1458,controlled_counts100_chain3__start0,softmax,3.0,3.0,0.01,corrected,clean,greedy_recovery,all,5000,300,0.0,8.673617379884035e-19,0.012642971224546034
afff6b3fa18a1458,controlled_counts100_chain3__start0,softmax,3.0,3.0,0.01,corrected,clean,q_recovery,all,0,300,0.0,8.673617379884035e-19,0.012642971224546034
afff6b3fa18a1458,controlled_counts100_chain3__start0,softmax,3.0,3.0,0.01,corrected,clean,q_recovery,all,5000,300,0.0,8.673617379884035e-19,0.012642971224546034
afff6b3fa18a1458,controlled_counts100_chain3__start0,softmax,3.0,3.0,0.01,corrected,clean,greedy_confirmation,all,0,300,1.0,0.9873570287754538,0.9999999999999998
afff6b3fa18a1458,controlled_counts100_chain3__start0,softmax,3.0,3.0,0.01,corrected,clean,greedy_confirmation,all,19,300,0.0,8.673617379884035e-19,0.012642971224546034
afff6b3fa18a1458,controlled_counts100_chain3__start0,softmax,3.0,3.0,0.01,corrected,clean,greedy_confirmation,all,5000,300,0.0,8.673617379884035e-19,0.012642971224546034
afff6b3fa18a1458,controlled_counts100_chain3__start0,softmax,3.0,3.0,0.01,corrected,clean,q_confirmation,all,0,300,1.0,0.9873570287754538,0.9999999999999998
afff6b3fa18a1458,controlled_counts100_chain3__start0,softmax,3.0,3.0,0.01,corrected,clean,q_confirmation,all,19,300,0.0,8.673617379884035e-19,0.012642971224546034
afff6b3fa18a1458,controlled_counts100_chain3__start0,softmax,3.0,3.0,0.01,corrected,clean,q_confirmation,all,5000,300,0.0,8.673617379884035e-19,0.012642971224546034
afff6b3fa18a1458,controlled_counts100_chain3__start0,softmax,3.0,3.0,0.01,corrected,clean,attainment,all,0,300,1.0,0.9873570287754538,0.9999999999999998
afff6b3fa18a1458,controlled_counts100_chain3__start0,softmax,3.0,3.0,0.01,corrected,clean,attainment,all,500,300,1.0,0.9873570287754538,0.9999999999999998
afff6b3fa18a1458,controlled_counts100_chain3__start0,softmax,3.0,3.0,0.01,corrected,faa,target_loss,all,0,300,0.0,8.673617379884035e-19,0.012642971224546034
afff6b3fa18a1458,controlled_counts100_chain3__start0,softmax,3.0,3.0,0.01,corrected,faa,target_loss,all,5000,300,0.0,8.673617379884035e-19,0.012642971224546034
afff6b3fa18a1458,controlled_counts100_chain3__start0,softmax,3.0,3.0,0.01,corrected,faa,greedy_recovery,all,0,300,0.0,8.673617379884035e-19,0.012642971224546034
afff6b3fa18a1458,controlled_counts100_chain3__start0,softmax,3.0,3.0,0.01,corrected,faa,greedy_recovery,all,5000,300,0.0,8.673617379884035e-19,0.012642971224546034
afff6b3fa18a1458,controlled_counts100_chain3__start0,softmax,3.0,3.0,0.01,corrected,faa,q_recovery,all,0,300,0.0,8.673617379884035e-19,0.012642971224546034
afff6b3fa18a1458,controlled_counts100_chain3__start0,softmax,3.0,3.0,0.01,corrected,faa,q_recovery,all,5000,300,0.0,8.673617379884035e-19,0.012642971224546034
afff6b3fa18a1458,controlled_counts100_chain3__start0,softmax,3.0,3.0,0.01,corrected,faa,greedy_confirmation,all,0,300,1.0,0.9873570287754538,0.9999999999999998
afff6b3fa18a1458,controlled_counts100_chain3__start0,softmax,3.0,3.0,0.01,corrected,faa,greedy_confirmation,all,19,300,0.0,8.673617379884035e-19,0.012642971224546034
afff6b3fa18a1458,controlled_counts100_chain3__start0,softmax,3.0,3.0,0.01,corrected,faa,greedy_confirmation,all,5000,300,0.0,8.673617379884035e-19,0.012642971224546034
afff6b3fa18a1458,controlled_counts100_chain3__start0,softmax,3.0,3.0,0.01,corrected,faa,q_confirmation,all,0,300,1.0,0.9873570287754538,0.9999999999999998
afff6b3fa18a1458,controlled_counts100_chain3__start0,softmax,3.0,3.0,0.01,corrected,faa,q_confirmation,all,19,300,0.0,8.673617379884035e-19,0.012642971224546034
afff6b3fa18a1458,controlled_counts100_chain3__start0,softmax,3.0,3.0,0.01,corrected,faa,q_confirmation,all,5000,300,0.0,8.673617379884035e-19,0.012642971224546034
afff6b3fa18a1458,controlled_counts100_chain3__start0,softmax,3.0,3.0,0.01,corrected,faa,attainment,all,0,300,1.0,0.9873570287754538,0.9999999999999998
afff6b3fa18a1458,controlled_counts100_chain3__start0,softmax,3.0,3.0,0.01,corrected,faa,attainment,all,1,300,0.0,8.673617379884035e-19,0.012642971224546034
afff6b3fa18a1458,controlled_counts100_chain3__start0,softmax,3.0,3.0,0.01,corrected,faa,attainment,all,500,300,0.0,8.673617379884035e-19,0.012642971224546034
b36ab868f390b691,controlled_counts100_chain3__start0,ucb,10.0,3.0,0.01,corrected,clean,target_loss,all,0,1,0.0,,
b36ab868f390b691,controlled_counts100_chain3__start0,ucb,10.0,3.0,0.01,corrected,clean,target_loss,all,5000,1,0.0,,
b36ab868f390b691,controlled_counts100_chain3__start0,ucb,10.0,3.0,0.01,corrected,clean,greedy_recovery,all,0,1,0.0,,
b36ab868f390b691,controlled_counts100_chain3__start0,ucb,10.0,3.0,0.01,corrected,clean,greedy_recovery,all,5000,1,0.0,,
b36ab868f390b691,controlled_counts100_chain3__start0,ucb,10.0,3.0,0.01,corrected,clean,q_recovery,all,0,1,0.0,,
b36ab868f390b691,controlled_counts100_chain3__start0,ucb,10.0,3.0,0.01,corrected,clean,q_recovery,all,5000,1,0.0,,
b36ab868f390b691,controlled_counts100_chain3__start0,ucb,10.0,3.0,0.01,corrected,clean,greedy_confirmation,all,0,1,1.0,,
b36ab868f390b691,controlled_counts100_chain3__start0,ucb,10.0,3.0,0.01,corrected,clean,greedy_confirmation,all,19,1,0.0,,
b36ab868f390b691,controlled_counts100_chain3__start0,ucb,10.0,3.0,0.01,corrected,clean,greedy_confirmation,all,5000,1,0.0,,
b36ab868f390b691,controlled_counts100_chain3__start0,ucb,10.0,3.0,0.01,corrected,clean,q_confirmation,all,0,1,1.0,,
b36ab868f390b691,controlled_counts100_chain3__start0,ucb,10.0,3.0,0.01,corrected,clean,q_confirmation,all,19,1,0.0,,
b36ab868f390b691,controlled_counts100_chain3__start0,ucb,10.0,3.0,0.01,corrected,clean,q_confirmation,all,5000,1,0.0,,
b36ab868f390b691,controlled_counts100_chain3__start0,ucb,10.0,3.0,0.01,corrected,clean,attainment,all,0,1,1.0,,
b36ab868f390b691,controlled_counts100_chain3__start0,ucb,10.0,3.0,0.01,corrected,clean,attainment,all,500,1,1.0,,
b36ab868f390b691,controlled_counts100_chain3__start0,ucb,10.0,3.0,0.01,corrected,faa,target_loss,all,0,1,0.0,,
b36ab868f390b691,controlled_counts100_chain3__start0,ucb,10.0,3.0,0.01,corrected,faa,target_loss,all,5000,1,0.0,,
b36ab868f390b691,controlled_counts100_chain3__start0,ucb,10.0,3.0,0.01,corrected,faa,greedy_recovery,all,0,1,0.0,,
b36ab868f390b691,controlled_counts100_chain3__start0,ucb,10.0,3.0,0.01,corrected,faa,greedy_recovery,all,5000,1,0.0,,
b36ab868f390b691,controlled_counts100_chain3__start0,ucb,10.0,3.0,0.01,corrected,faa,q_recovery,all,0,1,0.0,,
b36ab868f390b691,controlled_counts100_chain3__start0,ucb,10.0,3.0,0.01,corrected,faa,q_recovery,all,5000,1,0.0,,
b36ab868f390b691,controlled_counts100_chain3__start0,ucb,10.0,3.0,0.01,corrected,faa,greedy_confirmation,all,0,1,1.0,,
b36ab868f390b691,controlled_counts100_chain3__start0,ucb,10.0,3.0,0.01,corrected,faa,greedy_confirmation,all,19,1,0.0,,
b36ab868f390b691,controlled_counts100_chain3__start0,ucb,10.0,3.0,0.01,corrected,faa,greedy_confirmation,all,5000,1,0.0,,
b36ab868f390b691,controlled_counts100_chain3__start0,ucb,10.0,3.0,0.01,corrected,faa,q_confirmation,all,0,1,1.0,,
b36ab868f390b691,controlled_counts100_chain3__start0,ucb,10.0,3.0,0.01,corrected,faa,q_confirmation,all,19,1,0.0,,
b36ab868f390b691,controlled_counts100_chain3__start0,ucb,10.0,3.0,0.01,corrected,faa,q_confirmation,all,5000,1,0.0,,
b36ab868f390b691,controlled_counts100_chain3__start0,ucb,10.0,3.0,0.01,corrected,faa,attainment,all,0,1,1.0,,
b36ab868f390b691,controlled_counts100_chain3__start0,ucb,10.0,3.0,0.01,corrected,faa,attainment,all,1,1,0.0,,
b36ab868f390b691,controlled_counts100_chain3__start0,ucb,10.0,3.0,0.01,corrected,faa,attainment,all,500,1,0.0,,
d5551db993abd10a,controlled_counts1_chain3__start0,softmax,3.0,3.0,0.01,corrected,clean,target_loss,all,0,300,0.0,8.673617379884035e-19,0.012642971224546034
d5551db993abd10a,controlled_counts1_chain3__start0,softmax,3.0,3.0,0.01,corrected,clean,target_loss,all,5000,300,0.0,8.673617379884035e-19,0.012642971224546034
d5551db993abd10a,controlled_counts1_chain3__start0,softmax,3.0,3.0,0.01,corrected,clean,greedy_recovery,all,0,300,0.0,8.673617379884035e-19,0.012642971224546034
d5551db993abd10a,controlled_counts1_chain3__start0,softmax,3.0,3.0,0.01,corrected,clean,greedy_recovery,all,5000,300,0.0,8.673617379884035e-19,0.012642971224546034
d5551db993abd10a,controlled_counts1_chain3__start0,softmax,3.0,3.0,0.01,corrected,clean,q_recovery,all,0,300,0.0,8.673617379884035e-19,0.012642971224546034
d5551db993abd10a,controlled_counts1_chain3__start0,softmax,3.0,3.0,0.01,corrected,clean,q_recovery,all,5000,300,0.0,8.673617379884035e-19,0.012642971224546034
d5551db993abd10a,controlled_counts1_chain3__start0,softmax,3.0,3.0,0.01,corrected,clean,greedy_confirmation,all,0,300,1.0,0.9873570287754538,0.9999999999999998
d5551db993abd10a,controlled_counts1_chain3__start0,softmax,3.0,3.0,0.01,corrected,clean,greedy_confirmation,all,19,300,0.0,8.673617379884035e-19,0.012642971224546034
d5551db993abd10a,controlled_counts1_chain3__start0,softmax,3.0,3.0,0.01,corrected,clean,greedy_confirmation,all,5000,300,0.0,8.673617379884035e-19,0.012642971224546034
d5551db993abd10a,controlled_counts1_chain3__start0,softmax,3.0,3.0,0.01,corrected,clean,q_confirmation,all,0,300,1.0,0.9873570287754538,0.9999999999999998
d5551db993abd10a,controlled_counts1_chain3__start0,softmax,3.0,3.0,0.01,corrected,clean,q_confirmation,all,19,300,0.0,8.673617379884035e-19,0.012642971224546034
d5551db993abd10a,controlled_counts1_chain3__start0,softmax,3.0,3.0,0.01,corrected,clean,q_confirmation,all,5000,300,0.0,8.673617379884035e-19,0.012642971224546034
d5551db993abd10a,controlled_counts1_chain3__start0,softmax,3.0,3.0,0.01,corrected,clean,attainment,all,0,300,1.0,0.9873570287754538,0.9999999999999998
d5551db993abd10a,controlled_counts1_chain3__start0,softmax,3.0,3.0,0.01,corrected,clean,attainment,all,500,300,1.0,0.9873570287754538,0.9999999999999998
d5551db993abd10a,controlled_counts1_chain3__start0,softmax,3.0,3.0,0.01,corrected,faa,target_loss,all,0,300,0.0,8.673617379884035e-19,0.012642971224546034
d5551db993abd10a,controlled_counts1_chain3__start0,softmax,3.0,3.0,0.01,corrected,faa,target_loss,all,5000,300,0.0,8.673617379884035e-19,0.012642971224546034
d5551db993abd10a,controlled_counts1_chain3__start0,softmax,3.0,3.0,0.01,corrected,faa,greedy_recovery,all,0,300,0.0,8.673617379884035e-19,0.012642971224546034
d5551db993abd10a,controlled_counts1_chain3__start0,softmax,3.0,3.0,0.01,corrected,faa,greedy_recovery,all,5000,300,0.0,8.673617379884035e-19,0.012642971224546034
d5551db993abd10a,controlled_counts1_chain3__start0,softmax,3.0,3.0,0.01,corrected,faa,q_recovery,all,0,300,0.0,8.673617379884035e-19,0.012642971224546034
d5551db993abd10a,controlled_counts1_chain3__start0,softmax,3.0,3.0,0.01,corrected,faa,q_recovery,all,5000,300,0.0,8.673617379884035e-19,0.012642971224546034
d5551db993abd10a,controlled_counts1_chain3__start0,softmax,3.0,3.0,0.01,corrected,faa,greedy_confirmation,all,0,300,1.0,0.9873570287754538,0.9999999999999998
d5551db993abd10a,controlled_counts1_chain3__start0,softmax,3.0,3.0,0.01,corrected,faa,greedy_confirmation,all,19,300,0.0,8.673617379884035e-19,0.012642971224546034
d5551db993abd10a,controlled_counts1_chain3__start0,softmax,3.0,3.0,0.01,corrected,faa,greedy_confirmation,all,5000,300,0.0,8.673617379884035e-19,0.012642971224546034
d5551db993abd10a,controlled_counts1_chain3__start0,softmax,3.0,3.0,0.01,corrected,faa,q_confirmation,all,0,300,1.0,0.9873570287754538,0.9999999999999998
d5551db993abd10a,controlled_counts1_chain3__start0,softmax,3.0,3.0,0.01,corrected,faa,q_confirmation,all,19,300,0.0,8.673617379884035e-19,0.012642971224546034
d5551db993abd10a,controlled_counts1_chain3__start0,softmax,3.0,3.0,0.01,corrected,faa,q_confirmation,all,5000,300,0.0,8.673617379884035e-19,0.012642971224546034
d5551db993abd10a,controlled_counts1_chain3__start0,softmax,3.0,3.0,0.01,corrected,faa,attainment,all,0,300,1.0,0.9873570287754538,0.9999999999999998
d5551db993abd10a,controlled_counts1_chain3__start0,softmax,3.0,3.0,0.01,corrected,faa,attainment,all,1,300,0.0,8.673617379884035e-19,0.012642971224546034
d5551db993abd10a,controlled_counts1_chain3__start0,softmax,3.0,3.0,0.01,corrected,faa,attainment,all,500,300,0.0,8.673617379884035e-19,0.012642971224546034
d6c25127a68aec01,controlled_counts1_chain3__start0,ucb,10.0,3.0,0.01,corrected,clean,target_loss,all,0,1,0.0,,
d6c25127a68aec01,controlled_counts1_chain3__start0,ucb,10.0,3.0,0.01,corrected,clean,target_loss,all,5000,1,0.0,,
d6c25127a68aec01,controlled_counts1_chain3__start0,ucb,10.0,3.0,0.01,corrected,clean,greedy_recovery,all,0,1,0.0,,
d6c25127a68aec01,controlled_counts1_chain3__start0,ucb,10.0,3.0,0.01,corrected,clean,greedy_recovery,all,5000,1,0.0,,
d6c25127a68aec01,controlled_counts1_chain3__start0,ucb,10.0,3.0,0.01,corrected,clean,q_recovery,all,0,1,0.0,,
d6c25127a68aec01,controlled_counts1_chain3__start0,ucb,10.0,3.0,0.01,corrected,clean,q_recovery,all,5000,1,0.0,,
d6c25127a68aec01,controlled_counts1_chain3__start0,ucb,10.0,3.0,0.01,corrected,clean,greedy_confirmation,all,0,1,1.0,,
d6c25127a68aec01,controlled_counts1_chain3__start0,ucb,10.0,3.0,0.01,corrected,clean,greedy_confirmation,all,19,1,0.0,,
d6c25127a68aec01,controlled_counts1_chain3__start0,ucb,10.0,3.0,0.01,corrected,clean,greedy_confirmation,all,5000,1,0.0,,
d6c25127a68aec01,controlled_counts1_chain3__start0,ucb,10.0,3.0,0.01,corrected,clean,q_confirmation,all,0,1,1.0,,
d6c25127a68aec01,controlled_counts1_chain3__start0,ucb,10.0,3.0,0.01,corrected,clean,q_confirmation,all,19,1,0.0,,
d6c25127a68aec01,controlled_counts1_chain3__start0,ucb,10.0,3.0,0.01,corrected,clean,q_confirmation,all,5000,1,0.0,,
d6c25127a68aec01,controlled_counts1_chain3__start0,ucb,10.0,3.0,0.01,corrected,clean,attainment,all,0,1,1.0,,
d6c25127a68aec01,controlled_counts1_chain3__start0,ucb,10.0,3.0,0.01,corrected,clean,attainment,all,500,1,1.0,,
d6c25127a68aec01,controlled_counts1_chain3__start0,ucb,10.0,3.0,0.01,corrected,faa,target_loss,all,0,1,0.0,,
d6c25127a68aec01,controlled_counts1_chain3__start0,ucb,10.0,3.0,0.01,corrected,faa,target_loss,all,5000,1,0.0,,
d6c25127a68aec01,controlled_counts1_chain3__start0,ucb,10.0,3.0,0.01,corrected,faa,greedy_recovery,all,0,1,0.0,,
d6c25127a68aec01,controlled_counts1_chain3__start0,ucb,10.0,3.0,0.01,corrected,faa,greedy_recovery,all,5000,1,0.0,,
d6c25127a68aec01,controlled_counts1_chain3__start0,ucb,10.0,3.0,0.01,corrected,faa,q_recovery,all,0,1,0.0,,
d6c25127a68aec01,controlled_counts1_chain3__start0,ucb,10.0,3.0,0.01,corrected,faa,q_recovery,all,5000,1,0.0,,
d6c25127a68aec01,controlled_counts1_chain3__start0,ucb,10.0,3.0,0.01,corrected,faa,greedy_confirmation,all,0,1,1.0,,
d6c25127a68aec01,controlled_counts1_chain3__start0,ucb,10.0,3.0,0.01,corrected,faa,greedy_confirmation,all,19,1,0.0,,
d6c25127a68aec01,controlled_counts1_chain3__start0,ucb,10.0,3.0,0.01,corrected,faa,greedy_confirmation,all,5000,1,0.0,,
d6c25127a68aec01,controlled_counts1_chain3__start0,ucb,10.0,3.0,0.01,corrected,faa,q_confirmation,all,0,1,1.0,,
d6c25127a68aec01,controlled_counts1_chain3__start0,ucb,10.0,3.0,0.01,corrected,faa,q_confirmation,all,19,1,0.0,,
d6c25127a68aec01,controlled_counts1_chain3__start0,ucb,10.0,3.0,0.01,corrected,faa,q_confirmation,all,5000,1,0.0,,
d6c25127a68aec01,controlled_counts1_chain3__start0,ucb,10.0,3.0,0.01,corrected,faa,attainment,all,0,1,1.0,,
d6c25127a68aec01,controlled_counts1_chain3__start0,ucb,10.0,3.0,0.01,corrected,faa,attainment,all,1,1,0.0,,
d6c25127a68aec01,controlled_counts1_chain3__start0,ucb,10.0,3.0,0.01,corrected,faa,attainment,all,500,1,0.0,,
e262c67e65a89dfc,controlled_counts100_chain3__start0,softmax,10.0,3.0,0.01,corrected,clean,target_loss,all,0,300,0.0,8.673617379884035e-19,0.012642971224546034
e262c67e65a89dfc,controlled_counts100_chain3__start0,softmax,10.0,3.0,0.01,corrected,clean,target_loss,all,5000,300,0.0,8.673617379884035e-19,0.012642971224546034
e262c67e65a89dfc,controlled_counts100_chain3__start0,softmax,10.0,3.0,0.01,corrected,clean,greedy_recovery,all,0,300,0.0,8.673617379884035e-19,0.012642971224546034
e262c67e65a89dfc,controlled_counts100_chain3__start0,softmax,10.0,3.0,0.01,corrected,clean,greedy_recovery,all,5000,300,0.0,8.673617379884035e-19,0.012642971224546034
e262c67e65a89dfc,controlled_counts100_chain3__start0,softmax,10.0,3.0,0.01,corrected,clean,q_recovery,all,0,300,0.0,8.673617379884035e-19,0.012642971224546034
e262c67e65a89dfc,controlled_counts100_chain3__start0,softmax,10.0,3.0,0.01,corrected,clean,q_recovery,all,5000,300,0.0,8.673617379884035e-19,0.012642971224546034
e262c67e65a89dfc,controlled_counts100_chain3__start0,softmax,10.0,3.0,0.01,corrected,clean,greedy_confirmation,all,0,300,1.0,0.9873570287754538,0.9999999999999998
e262c67e65a89dfc,controlled_counts100_chain3__start0,softmax,10.0,3.0,0.01,corrected,clean,greedy_confirmation,all,19,300,0.0,8.673617379884035e-19,0.012642971224546034
e262c67e65a89dfc,controlled_counts100_chain3__start0,softmax,10.0,3.0,0.01,corrected,clean,greedy_confirmation,all,5000,300,0.0,8.673617379884035e-19,0.012642971224546034
e262c67e65a89dfc,controlled_counts100_chain3__start0,softmax,10.0,3.0,0.01,corrected,clean,q_confirmation,all,0,300,1.0,0.9873570287754538,0.9999999999999998
e262c67e65a89dfc,controlled_counts100_chain3__start0,softmax,10.0,3.0,0.01,corrected,clean,q_confirmation,all,19,300,0.0,8.673617379884035e-19,0.012642971224546034
e262c67e65a89dfc,controlled_counts100_chain3__start0,softmax,10.0,3.0,0.01,corrected,clean,q_confirmation,all,5000,300,0.0,8.673617379884035e-19,0.012642971224546034
e262c67e65a89dfc,controlled_counts100_chain3__start0,softmax,10.0,3.0,0.01,corrected,clean,attainment,all,0,300,1.0,0.9873570287754538,0.9999999999999998
e262c67e65a89dfc,controlled_counts100_chain3__start0,softmax,10.0,3.0,0.01,corrected,clean,attainment,all,500,300,1.0,0.9873570287754538,0.9999999999999998
e262c67e65a89dfc,controlled_counts100_chain3__start0,softmax,10.0,3.0,0.01,corrected,faa,target_loss,all,0,300,0.0,8.673617379884035e-19,0.012642971224546034
e262c67e65a89dfc,controlled_counts100_chain3__start0,softmax,10.0,3.0,0.01,corrected,faa,target_loss,all,5000,300,0.0,8.673617379884035e-19,0.012642971224546034
e262c67e65a89dfc,controlled_counts100_chain3__start0,softmax,10.0,3.0,0.01,corrected,faa,greedy_recovery,all,0,300,0.0,8.673617379884035e-19,0.012642971224546034
e262c67e65a89dfc,controlled_counts100_chain3__start0,softmax,10.0,3.0,0.01,corrected,faa,greedy_recovery,all,5000,300,0.0,8.673617379884035e-19,0.012642971224546034
e262c67e65a89dfc,controlled_counts100_chain3__start0,softmax,10.0,3.0,0.01,corrected,faa,q_recovery,all,0,300,0.0,8.673617379884035e-19,0.012642971224546034
e262c67e65a89dfc,controlled_counts100_chain3__start0,softmax,10.0,3.0,0.01,corrected,faa,q_recovery,all,5000,300,0.0,8.673617379884035e-19,0.012642971224546034
e262c67e65a89dfc,controlled_counts100_chain3__start0,softmax,10.0,3.0,0.01,corrected,faa,greedy_confirmation,all,0,300,1.0,0.9873570287754538,0.9999999999999998
e262c67e65a89dfc,controlled_counts100_chain3__start0,softmax,10.0,3.0,0.01,corrected,faa,greedy_confirmation,all,19,300,0.0,8.673617379884035e-19,0.012642971224546034
e262c67e65a89dfc,controlled_counts100_chain3__start0,softmax,10.0,3.0,0.01,corrected,faa,greedy_confirmation,all,5000,300,0.0,8.673617379884035e-19,0.012642971224546034
e262c67e65a89dfc,controlled_counts100_chain3__start0,softmax,10.0,3.0,0.01,corrected,faa,q_confirmation,all,0,300,1.0,0.9873570287754538,0.9999999999999998
e262c67e65a89dfc,controlled_counts100_chain3__start0,softmax,10.0,3.0,0.01,corrected,faa,q_confirmation,all,19,300,0.0,8.673617379884035e-19,0.012642971224546034
e262c67e65a89dfc,controlled_counts100_chain3__start0,softmax,10.0,3.0,0.01,corrected,faa,q_confirmation,all,5000,300,0.0,8.673617379884035e-19,0.012642971224546034
e262c67e65a89dfc,controlled_counts100_chain3__start0,softmax,10.0,3.0,0.01,corrected,faa,attainment,all,0,300,1.0,0.9873570287754538,0.9999999999999998
e262c67e65a89dfc,controlled_counts100_chain3__start0,softmax,10.0,3.0,0.01,corrected,faa,attainment,all,1,300,0.0,8.673617379884035e-19,0.012642971224546034
e262c67e65a89dfc,controlled_counts100_chain3__start0,softmax,10.0,3.0,0.01,corrected,faa,attainment,all,500,300,0.0,8.673617379884035e-19,0.012642971224546034
e6e41c896c32aa71,controlled_counts1_chain3__start0,softmax,10.0,3.0,0.01,corrected,clean,target_loss,all,0,300,0.0,8.673617379884035e-19,0.012642971224546034
e6e41c896c32aa71,controlled_counts1_chain3__start0,softmax,10.0,3.0,0.01,corrected,clean,target_loss,all,5000,300,0.0,8.673617379884035e-19,0.012642971224546034
e6e41c896c32aa71,controlled_counts1_chain3__start0,softmax,10.0,3.0,0.01,corrected,clean,greedy_recovery,all,0,300,0.0,8.673617379884035e-19,0.012642971224546034
e6e41c896c32aa71,controlled_counts1_chain3__start0,softmax,10.0,3.0,0.01,corrected,clean,greedy_recovery,all,5000,300,0.0,8.673617379884035e-19,0.012642971224546034
e6e41c896c32aa71,controlled_counts1_chain3__start0,softmax,10.0,3.0,0.01,corrected,clean,q_recovery,all,0,300,0.0,8.673617379884035e-19,0.012642971224546034
e6e41c896c32aa71,controlled_counts1_chain3__start0,softmax,10.0,3.0,0.01,corrected,clean,q_recovery,all,5000,300,0.0,8.673617379884035e-19,0.012642971224546034
e6e41c896c32aa71,controlled_counts1_chain3__start0,softmax,10.0,3.0,0.01,corrected,clean,greedy_confirmation,all,0,300,1.0,0.9873570287754538,0.9999999999999998
e6e41c896c32aa71,controlled_counts1_chain3__start0,softmax,10.0,3.0,0.01,corrected,clean,greedy_confirmation,all,19,300,0.0,8.673617379884035e-19,0.012642971224546034
e6e41c896c32aa71,controlled_counts1_chain3__start0,softmax,10.0,3.0,0.01,corrected,clean,greedy_confirmation,all,5000,300,0.0,8.673617379884035e-19,0.012642971224546034
e6e41c896c32aa71,controlled_counts1_chain3__start0,softmax,10.0,3.0,0.01,corrected,clean,q_confirmation,all,0,300,1.0,0.9873570287754538,0.9999999999999998
e6e41c896c32aa71,controlled_counts1_chain3__start0,softmax,10.0,3.0,0.01,corrected,clean,q_confirmation,all,19,300,0.0,8.673617379884035e-19,0.012642971224546034
e6e41c896c32aa71,controlled_counts1_chain3__start0,softmax,10.0,3.0,0.01,corrected,clean,q_confirmation,all,5000,300,0.0,8.673617379884035e-19,0.012642971224546034
e6e41c896c32aa71,controlled_counts1_chain3__start0,softmax,10.0,3.0,0.01,corrected,clean,attainment,all,0,300,1.0,0.9873570287754538,0.9999999999999998
e6e41c896c32aa71,controlled_counts1_chain3__start0,softmax,10.0,3.0,0.01,corrected,clean,attainment,all,500,300,1.0,0.9873570287754538,0.9999999999999998
e6e41c896c32aa71,controlled_counts1_chain3__start0,softmax,10.0,3.0,0.01,corrected,faa,target_loss,all,0,300,0.0,8.673617379884035e-19,0.012642971224546034
e6e41c896c32aa71,controlled_counts1_chain3__start0,softmax,10.0,3.0,0.01,corrected,faa,target_loss,all,5000,300,0.0,8.673617379884035e-19,0.012642971224546034
e6e41c896c32aa71,controlled_counts1_chain3__start0,softmax,10.0,3.0,0.01,corrected,faa,greedy_recovery,all,0,300,0.0,8.673617379884035e-19,0.012642971224546034
e6e41c896c32aa71,controlled_counts1_chain3__start0,softmax,10.0,3.0,0.01,corrected,faa,greedy_recovery,all,5000,300,0.0,8.673617379884035e-19,0.012642971224546034
e6e41c896c32aa71,controlled_counts1_chain3__start0,softmax,10.0,3.0,0.01,corrected,faa,q_recovery,all,0,300,0.0,8.673617379884035e-19,0.012642971224546034
e6e41c896c32aa71,controlled_counts1_chain3__start0,softmax,10.0,3.0,0.01,corrected,faa,q_recovery,all,5000,300,0.0,8.673617379884035e-19,0.012642971224546034
e6e41c896c32aa71,controlled_counts1_chain3__start0,softmax,10.0,3.0,0.01,corrected,faa,greedy_confirmation,all,0,300,1.0,0.9873570287754538,0.9999999999999998
e6e41c896c32aa71,controlled_counts1_chain3__start0,softmax,10.0,3.0,0.01,corrected,faa,greedy_confirmation,all,19,300,0.0,8.673617379884035e-19,0.012642971224546034
e6e41c896c32aa71,controlled_counts1_chain3__start0,softmax,10.0,3.0,0.01,corrected,faa,greedy_confirmation,all,5000,300,0.0,8.673617379884035e-19,0.012642971224546034
e6e41c896c32aa71,controlled_counts1_chain3__start0,softmax,10.0,3.0,0.01,corrected,faa,q_confirmation,all,0,300,1.0,0.9873570287754538,0.9999999999999998
e6e41c896c32aa71,controlled_counts1_chain3__start0,softmax,10.0,3.0,0.01,corrected,faa,q_confirmation,all,19,300,0.0,8.673617379884035e-19,0.012642971224546034
e6e41c896c32aa71,controlled_counts1_chain3__start0,softmax,10.0,3.0,0.01,corrected,faa,q_confirmation,all,5000,300,0.0,8.673617379884035e-19,0.012642971224546034
e6e41c896c32aa71,controlled_counts1_chain3__start0,softmax,10.0,3.0,0.01,corrected,faa,attainment,all,0,300,1.0,0.9873570287754538,0.9999999999999998
e6e41c896c32aa71,controlled_counts1_chain3__start0,softmax,10.0,3.0,0.01,corrected,faa,attainment,all,1,300,0.0,8.673617379884035e-19,0.012642971224546034
e6e41c896c32aa71,controlled_counts1_chain3__start0,softmax,10.0,3.0,0.01,corrected,faa,attainment,all,500,300,0.0,8.673617379884035e-19,0.012642971224546034
f99e444ae01ca0cd,controlled_counts1_chain3__start0,epsilon_greedy,10.0,3.0,0.01,corrected,clean,target_loss,all,0,300,0.0,8.673617379884035e-19,0.012642971224546034
f99e444ae01ca0cd,controlled_counts1_chain3__start0,epsilon_greedy,10.0,3.0,0.01,corrected,clean,target_loss,all,5000,300,0.0,8.673617379884035e-19,0.012642971224546034
f99e444ae01ca0cd,controlled_counts1_chain3__start0,epsilon_greedy,10.0,3.0,0.01,corrected,clean,greedy_recovery,all,0,300,0.0,8.673617379884035e-19,0.012642971224546034
f99e444ae01ca0cd,controlled_counts1_chain3__start0,epsilon_greedy,10.0,3.0,0.01,corrected,clean,greedy_recovery,all,5000,300,0.0,8.673617379884035e-19,0.012642971224546034
f99e444ae01ca0cd,controlled_counts1_chain3__start0,epsilon_greedy,10.0,3.0,0.01,corrected,clean,q_recovery,all,0,300,0.0,8.673617379884035e-19,0.012642971224546034
f99e444ae01ca0cd,controlled_counts1_chain3__start0,epsilon_greedy,10.0,3.0,0.01,corrected,clean,q_recovery,all,5000,300,0.0,8.673617379884035e-19,0.012642971224546034
f99e444ae01ca0cd,controlled_counts1_chain3__start0,epsilon_greedy,10.0,3.0,0.01,corrected,clean,greedy_confirmation,all,0,300,1.0,0.9873570287754538,0.9999999999999998
f99e444ae01ca0cd,controlled_counts1_chain3__start0,epsilon_greedy,10.0,3.0,0.01,corrected,clean,greedy_confirmation,all,19,300,0.0,8.673617379884035e-19,0.012642971224546034
f99e444ae01ca0cd,controlled_counts1_chain3__start0,epsilon_greedy,10.0,3.0,0.01,corrected,clean,greedy_confirmation,all,5000,300,0.0,8.673617379884035e-19,0.012642971224546034
f99e444ae01ca0cd,controlled_counts1_chain3__start0,epsilon_greedy,10.0,3.0,0.01,corrected,clean,q_confirmation,all,0,300,1.0,0.9873570287754538,0.9999999999999998
f99e444ae01ca0cd,controlled_counts1_chain3__start0,epsilon_greedy,10.0,3.0,0.01,corrected,clean,q_confirmation,all,19,300,0.0,8.673617379884035e-19,0.012642971224546034
f99e444ae01ca0cd,controlled_counts1_chain3__start0,epsilon_greedy,10.0,3.0,0.01,corrected,clean,q_confirmation,all,5000,300,0.0,8.673617379884035e-19,0.012642971224546034
f99e444ae01ca0cd,controlled_counts1_chain3__start0,epsilon_greedy,10.0,3.0,0.01,corrected,clean,attainment,all,0,300,1.0,0.9873570287754538,0.9999999999999998
f99e444ae01ca0cd,controlled_counts1_chain3__start0,epsilon_greedy,10.0,3.0,0.01,corrected,clean,attainment,all,500,300,1.0,0.9873570287754538,0.9999999999999998
f99e444ae01ca0cd,controlled_counts1_chain3__start0,epsilon_greedy,10.0,3.0,0.01,corrected,faa,target_loss,all,0,300,0.0,8.673617379884035e-19,0.012642971224546034
f99e444ae01ca0cd,controlled_counts1_chain3__start0,epsilon_greedy,10.0,3.0,0.01,corrected,faa,target_loss,all,5000,300,0.0,8.673617379884035e-19,0.012642971224546034
f99e444ae01ca0cd,controlled_counts1_chain3__start0,epsilon_greedy,10.0,3.0,0.01,corrected,faa,greedy_recovery,all,0,300,0.0,8.673617379884035e-19,0.012642971224546034
f99e444ae01ca0cd,controlled_counts1_chain3__start0,epsilon_greedy,10.0,3.0,0.01,corrected,faa,greedy_recovery,all,5000,300,0.0,8.673617379884035e-19,0.012642971224546034
f99e444ae01ca0cd,controlled_counts1_chain3__start0,epsilon_greedy,10.0,3.0,0.01,corrected,faa,q_recovery,all,0,300,0.0,8.673617379884035e-19,0.012642971224546034
f99e444ae01ca0cd,controlled_counts1_chain3__start0,epsilon_greedy,10.0,3.0,0.01,corrected,faa,q_recovery,all,5000,300,0.0,8.673617379884035e-19,0.012642971224546034
f99e444ae01ca0cd,controlled_counts1_chain3__start0,epsilon_greedy,10.0,3.0,0.01,corrected,faa,greedy_confirmation,all,0,300,1.0,0.9873570287754538,0.9999999999999998
f99e444ae01ca0cd,controlled_counts1_chain3__start0,epsilon_greedy,10.0,3.0,0.01,corrected,faa,greedy_confirmation,all,19,300,0.0,8.673617379884035e-19,0.012642971224546034
f99e444ae01ca0cd,controlled_counts1_chain3__start0,epsilon_greedy,10.0,3.0,0.01,corrected,faa,greedy_confirmation,all,5000,300,0.0,8.673617379884035e-19,0.012642971224546034
f99e444ae01ca0cd,controlled_counts1_chain3__start0,epsilon_greedy,10.0,3.0,0.01,corrected,faa,q_confirmation,all,0,300,1.0,0.9873570287754538,0.9999999999999998
f99e444ae01ca0cd,controlled_counts1_chain3__start0,epsilon_greedy,10.0,3.0,0.01,corrected,faa,q_confirmation,all,19,300,0.0,8.673617379884035e-19,0.012642971224546034
f99e444ae01ca0cd,controlled_counts1_chain3__start0,epsilon_greedy,10.0,3.0,0.01,corrected,faa,q_confirmation,all,5000,300,0.0,8.673617379884035e-19,0.012642971224546034
f99e444ae01ca0cd,controlled_counts1_chain3__start0,epsilon_greedy,10.0,3.0,0.01,corrected,faa,attainment,all,0,300,1.0,0.9873570287754538,0.9999999999999998
f99e444ae01ca0cd,controlled_counts1_chain3__start0,epsilon_greedy,10.0,3.0,0.01,corrected,faa,attainment,all,1,300,0.0,8.673617379884035e-19,0.012642971224546034
f99e444ae01ca0cd,controlled_counts1_chain3__start0,epsilon_greedy,10.0,3.0,0.01,corrected,faa,attainment,all,500,300,0.0,8.673617379884035e-19,0.012642971224546034
ff53513639bde55f,controlled_counts100_chain3__start0,ucb,3.0,3.0,0.01,corrected,clean,target_loss,all,0,1,0.0,,
ff53513639bde55f,controlled_counts100_chain3__start0,ucb,3.0,3.0,0.01,corrected,clean,target_loss,all,5000,1,0.0,,
ff53513639bde55f,controlled_counts100_chain3__start0,ucb,3.0,3.0,0.01,corrected,clean,greedy_recovery,all,0,1,0.0,,
ff53513639bde55f,controlled_counts100_chain3__start0,ucb,3.0,3.0,0.01,corrected,clean,greedy_recovery,all,5000,1,0.0,,
ff53513639bde55f,controlled_counts100_chain3__start0,ucb,3.0,3.0,0.01,corrected,clean,q_recovery,all,0,1,0.0,,
ff53513639bde55f,controlled_counts100_chain3__start0,ucb,3.0,3.0,0.01,corrected,clean,q_recovery,all,5000,1,0.0,,
ff53513639bde55f,controlled_counts100_chain3__start0,ucb,3.0,3.0,0.01,corrected,clean,greedy_confirmation,all,0,1,1.0,,
ff53513639bde55f,controlled_counts100_chain3__start0,ucb,3.0,3.0,0.01,corrected,clean,greedy_confirmation,all,19,1,0.0,,
ff53513639bde55f,controlled_counts100_chain3__start0,ucb,3.0,3.0,0.01,corrected,clean,greedy_confirmation,all,5000,1,0.0,,
ff53513639bde55f,controlled_counts100_chain3__start0,ucb,3.0,3.0,0.01,corrected,clean,q_confirmation,all,0,1,1.0,,
ff53513639bde55f,controlled_counts100_chain3__start0,ucb,3.0,3.0,0.01,corrected,clean,q_confirmation,all,19,1,0.0,,
ff53513639bde55f,controlled_counts100_chain3__start0,ucb,3.0,3.0,0.01,corrected,clean,q_confirmation,all,5000,1,0.0,,
ff53513639bde55f,controlled_counts100_chain3__start0,ucb,3.0,3.0,0.01,corrected,clean,attainment,all,0,1,1.0,,
ff53513639bde55f,controlled_counts100_chain3__start0,ucb,3.0,3.0,0.01,corrected,clean,attainment,all,500,1,1.0,,
ff53513639bde55f,controlled_counts100_chain3__start0,ucb,3.0,3.0,0.01,corrected,faa,target_loss,all,0,1,0.0,,
ff53513639bde55f,controlled_counts100_chain3__start0,ucb,3.0,3.0,0.01,corrected,faa,target_loss,all,5000,1,0.0,,
ff53513639bde55f,controlled_counts100_chain3__start0,ucb,3.0,3.0,0.01,corrected,faa,greedy_recovery,all,0,1,0.0,,
ff53513639bde55f,controlled_counts100_chain3__start0,ucb,3.0,3.0,0.01,corrected,faa,greedy_recovery,all,5000,1,0.0,,
ff53513639bde55f,controlled_counts100_chain3__start0,ucb,3.0,3.0,0.01,corrected,faa,q_recovery,all,0,1,1.0,,
ff53513639bde55f,controlled_counts100_chain3__start0,ucb,3.0,3.0,0.01,corrected,faa,q_recovery,all,5000,1,1.0,,
ff53513639bde55f,controlled_counts100_chain3__start0,ucb,3.0,3.0,0.01,corrected,faa,greedy_confirmation,all,0,1,1.0,,
ff53513639bde55f,controlled_counts100_chain3__start0,ucb,3.0,3.0,0.01,corrected,faa,greedy_confirmation,all,19,1,0.0,,
ff53513639bde55f,controlled_counts100_chain3__start0,ucb,3.0,3.0,0.01,corrected,faa,greedy_confirmation,all,5000,1,0.0,,
ff53513639bde55f,controlled_counts100_chain3__start0,ucb,3.0,3.0,0.01,corrected,faa,q_confirmation,all,0,1,1.0,,
ff53513639bde55f,controlled_counts100_chain3__start0,ucb,3.0,3.0,0.01,corrected,faa,q_confirmation,all,5000,1,1.0,,
ff53513639bde55f,controlled_counts100_chain3__start0,ucb,3.0,3.0,0.01,corrected,faa,attainment,all,0,1,1.0,,
ff53513639bde55f,controlled_counts100_chain3__start0,ucb,3.0,3.0,0.01,corrected,faa,attainment,all,1,1,0.0,,
ff53513639bde55f,controlled_counts100_chain3__start0,ucb,3.0,3.0,0.01,corrected,faa,attainment,all,500,1,0.0,,
