condition_id,design,rule,C,Delta,eta,sign,arm,metric,cohort,n,horizon,recovered,censored,survival_at_horizon,restricted_mean,restricted_mean_ci_low,restricted_mean_ci_high,observed_mean_if_no_censoring,q25,median,q75
38330e24cf18902e,controlled_counts100_chain3,ucb,10.0,3.0,0.01,corrected,clean,target_loss,all,1,5000,1,0,0.0,0.0,,,0.0,0,0,0
38330e24cf18902e,controlled_counts100_chain3,ucb,10.0,3.0,0.01,corrected,clean,target_loss,target_at_cutoff,0,5000,0,0,,,,,,,,
38330e24cf18902e,controlled_counts100_chain3,ucb,10.0,3.0,0.01,corrected,clean,greedy_recovery,all,1,5000,1,0,0.0,0.0,,,0.0,0,0,0
38330e24cf18902e,controlled_counts100_chain3,ucb,10.0,3.0,0.01,corrected,clean,q_recovery,all,1,5000,1,0,0.0,0.0,,,0.0,0,0,0
38330e24cf18902e,controlled_counts100_chain3,ucb,10.0,3.0,0.01,corrected,clean,greedy_confirmation,all,1,5000,1,0,0.0,19.0,,,19.0,19,19,19
38330e24cf18902e,controlled_counts100_chain3,ucb,10.0,3.0,0.01,corrected,clean,q_confirmation,all,1,5000,1,0,0.0,19.0,,,19.0,19,19,19
38330e24cf18902e,controlled_counts100_chain3,ucb,10.0,3.0,0.01,corrected,clean,attainment,all,1,500,0,1,1.0,500.0,,,,,,
38330e24cf18902e,controlled_counts100_chain3,ucb,10.0,3.0,0.01,corrected,faa,target_loss,all,1,5000,0,1,1.0,5000.0,,,,,,
38330e24cf18902e,controlled_counts100_chain3,ucb,10.0,3.0,0.01,corrected,faa,target_loss,target_at_cutoff,1,5000,0,1,1.0,5000.0,,,,,,
38330e24cf18902e,controlled_counts100_chain3,ucb,10.0,3.0,0.01,corrected,faa,greedy_recovery,all,1,5000,0,1,1.0,5000.0,,,,,,
38330e24cf18902e,controlled_counts100_chain3,ucb,10.0,3.0,0.01,corrected,faa,q_recovery,all,1,5000,0,1,1.0,5000.0,,,,,,
38330e24cf18902e,controlled_counts100_chain3,ucb,10.0,3.0,0.01,corrected,faa,greedy_confirmation,all,1,5000,0,1,1.0,5000.0,,,,,,
38330e24cf18902e,controlled_counts100_chain3,ucb,10.0,3.0,0.01,corrected,faa,q_confirmation,all,1,5000,0,1,1.0,5000.0,,,,,,
38330e24cf18902e,controlled_counts100_chain3,ucb,10.0,3.0,0.01,corrected,faa,attainment,all,1,500,1,0,0.0,6.0,,,6.0,6,6,6
38ab60ae7a8cc968,controlled_counts100_chain3,epsilon_greedy,3.0,3.0,0.01,corrected,clean,target_loss,all,300,5000,300,0,0.0,0.0,0.0,0.0,0.0,0,0,0
38ab60ae7a8cc968,controlled_counts100_chain3,epsilon_greedy,3.0,3.0,0.01,corrected,clean,target_loss,target_at_cutoff,0,5000,0,0,,,,,,,,
38ab60ae7a8cc968,controlled_counts100_chain3,epsilon_greedy,3.0,3.0,0.01,corrected,clean,greedy_recovery,all,300,5000,300,0,0.0,0.0,0.0,0.0,0.0,0,0,0
38ab60ae7a8cc968,controlled_counts100_chain3,epsilon_greedy,3.0,3.0,0.01,corrected,clean,q_recovery,all,300,5000,300,0,0.0,0.0,0.0,0.0,0.0,0,0,0
38ab60ae7a8cc968,controlled_counts100_chain3,epsilon_greedy,3.0,3.0,0.01,corrected,clean,greedy_confirmation,all,300,5000,300,0,0.0,19.0,19.0,19.0,19.0,19,19,19
38ab60ae7a8cc968,controlled_counts100_chain3,epsilon_greedy,3.0,3.0,0.01,corrected,clean,q_confirmation,all,300,5000,300,0,0.0,19.0,19.0,19.0,19.0,19,19,19
38ab60ae7a8cc968,controlled_counts100_chain3,epsilon_greedy,3.0,3.0,0.01,corrected,clean,attainment,all,300,500,0,300,1.0,500.0,500.0,500.0,,,,
38ab60ae7a8cc968,controlled_counts100_chain3,epsilon_greedy,3.0,3.0,0.01,corrected,faa,target_loss,all,300,5000,300,0,0.0,126.77333333333333,91.96158333333334,161.85891666666666,126.77333333333333,0,0,33
38ab60ae7a8cc968,controlled_counts100_chain3,epsilon_greedy,3.0,3.0,0.01,corrected,faa,target_loss,target_at_cutoff,84,5000,84,0,0.0,452.76190476190476,357.9526785714286,554.1708333333333,452.76190476190476,113,320,582
38ab60ae7a8cc968,controlled_counts100_chain3,epsilon_greedy,3.0,3.0,0.01,corrected,faa,greedy_recovery,all,300,5000,300,0,0.0,126.77333333333333,90.27641666666668,161.21975,126.77333333333333,0,0,33
38ab60ae7a8cc968,controlled_counts100_chain3,epsilon_greedy,3.0,3.0,0.01,corrected,faa,q_recovery,all,300,5000,127,173,0.5766666666666667,3812.89,3627.38725,3990.698,,2507,,
38ab60ae7a8cc968,controlled_counts100_chain3,epsilon_greedy,3.0,3.0,0.01,corrected,faa,greedy_confirmation,all,300,5000,300,0,0.0,145.77333333333334,110.99233333333333,185.12525,145.77333333333334,19,19,52
38ab60ae7a8cc968,controlled_counts100_chain3,epsilon_greedy,3.0,3.0,0.01,corrected,faa,q_confirmation,all,300,5000,127,173,0.5766666666666667,3820.9333333333334,3640.3895,3998.7035,,2526,,
38ab60ae7a8cc968,controlled_counts100_chain3,epsilon_greedy,3.0,3.0,0.01,corrected,faa,attainment,all,300,500,300,0,0.0,6.03,5.9366666666666665,6.126666666666667,6.03,6,6,6
3da5708e580a5e24,controlled_counts1_chain3,ucb,1.0,3.0,0.01,corrected,clean,target_loss,all,1,5000,1,0,0.0,0.0,,,0.0,0,0,0
3da5708e580a5e24,controlled_counts1_chain3,ucb,1.0,3.0,0.01,corrected,clean,target_loss,target_at_cutoff,0,5000,0,0,,,,,,,,
3da5708e580a5e24,controlled_counts1_chain3,ucb,1.0,3.0,0.01,corrected,clean,greedy_recovery,all,1,5000,1,0,0.0,0.0,,,0.0,0,0,0
3da5708e580a5e24,controlled_counts1_chain3,ucb,1.0,3.0,0.01,corrected,clean,q_recovery,all,1,5000,1,0,0.0,0.0,,,0.0,0,0,0
3da5708e580a5e24,controlled_counts1_chain3,ucb,1.0,3.0,0.01,corrected,clean,greedy_confirmation,all,1,5000,1,0,0.0,19.0,,,19.0,19,19,19
3da5708e580a5e24,controlled_counts1_chain3,ucb,1.0,3.0,0.01,corrected,clean,q_confirmation,all,1,5000,1,0,0.0,19.0,,,19.0,19,19,19
3da5708e580a5e24,controlled_counts1_chain3,ucb,1.0,3.0,0.01,corrected,clean,attainment,all,1,500,0,1,1.0,500.0,,,,,,
3da5708e580a5e24,controlled_counts1_chain3,ucb,1.0,3.0,0.01,corrected,faa,target_loss,all,1,5000,1,0,0.0,0.0,,,0.0,0,0,0
3da5708e580a5e24,controlled_counts1_chain3,ucb,1.0,3.0,0.01,corrected,faa,target_loss,target_at_cutoff,0,5000,0,0,,,,,,,,
3da5708e580a5e24,controlled_counts1_chain3,ucb,1.0,3.0,0.01,corrected,faa,greedy_recovery,all,1,5000,1,0,0.0,0.0,,,0.0,0,0,0
3da5708e580a5e24,controlled_counts1_chain3,ucb,1.0,3.0,0.01,corrected,faa,q_recovery,all,1,5000,0,1,1.0,5000.0,,,,,,
3da5708e580a5e24,controlled_counts1_chain3,ucb,1.0,3.0,0.01,corrected,faa,greedy_confirmation,all,1,5000,1,0,0.0,19.0,,,19.0,19,19,19
3da5708e580a5e24,controlled_counts1_chain3,ucb,1.0,3.0,0.01,corrected,faa,q_confirmation,all,1,5000,0,1,1.0,5000.0,,,,,,
3da5708e580a5e24,controlled_counts1_chain3,ucb,1.0,3.0,0.01,corrected,faa,attainment,all,1,500,1,0,0.0,6.0,,,6.0,6,6,6
51fc94acd38359e4,controlled_counts100_chain3,softmax,10.0,3.0,0.01,corrected,clean,target_loss,all,300,5000,300,0,0.0,0.0,0.0,0.0,0.0,0,0,0
51fc94acd38359e4,controlled_counts100_chain3,softmax,10.0,3.0,0.01,corrected,clean,target_loss,target_at_cutoff,0,5000,0,0,,,,,,,,
51fc94acd38359e4,controlled_counts100_chain3,softmax,10.0,3.0,0.01,corrected,clean,greedy_recovery,all,300,5000,300,0,0.0,0.0,0.0,0.0,0.0,0,0,0
51fc94acd38359e4,controlled_counts100_chain3,softmax,10.0,3.0,0.01,corrected,clean,q_recovery,all,300,5000,300,0,0.0,0.0,0.0,0.0,0.0,0,0,0
51fc94acd38359e4,controlled_counts100_chain3,softmax,10.0,3.0,0.01,corrected,clean,greedy_confirmation,all,300,5000,300,0,0.0,19.0,19.0,19.0,19.0,19,19,19
51fc94acd38359e4,controlled_counts100_chain3,softmax,10.0,3.0,0.01,corrected,clean,q_confirmation,all,300,5000,300,0,0.0,19.0,19.0,19.0,19.0,19,19,19
51fc94acd38359e4,controlled_counts100_chain3,softmax,10.0,3.0,0.01,corrected,clean,attainment,all,300,500,0,300,1.0,500.0,500.0,500.0,,,,
51fc94acd38359e4,controlled_counts100_chain3,softmax,10.0,3.0,0.01,corrected,faa,target_loss,all,300,5000,300,0,0.0,166.49333333333334,148.5985,184.59825,166.49333333333334,45,125,238
51fc94acd38359e4,controlled_counts100_chain3,softmax,10.0,3.0,0.01,corrected,faa,target_loss,target_at_cutoff,299,5000,299,0,0.0,167.05016722408027,149.03386287625418,184.41254180602007,167.05016722408027,47,125,243
51fc94acd38359e4,controlled_counts100_chain3,softmax,10.0,3.0,0.01,corrected,faa,greedy_recovery,all,300,5000,300,0,0.0,166.49333333333334,148.1415,184.42966666666666,166.49333333333334,45,125,238
51fc94acd38359e4,controlled_counts100_chain3,softmax,10.0,3.0,0.01,corrected,faa,q_recovery,all,300,5000,300,0,0.0,603.13,556.4623333333334,652.1371666666666,603.13,273,510,802
51fc94acd38359e4,controlled_counts100_chain3,softmax,10.0,3.0,0.01,corrected,faa,greedy_confirmation,all,300,5000,300,0,0.0,185.49333333333334,168.26500000000001,203.60025,185.49333333333334,64,144,257
51fc94acd38359e4,controlled_counts100_chain3,softmax,10.0,3.0,0.01,corrected,faa,q_confirmation,all,300,5000,300,0,0.0,622.13,573.1602499999999,672.3880833333333,622.13,292,529,821
51fc94acd38359e4,controlled_counts100_chain3,softmax,10.0,3.0,0.01,corrected,faa,attainment,all,300,500,299,1,0.0033333333333333335,10.866666666666667,8.863333333333333,14.523416666666666,,6,8,11
81b10d7e75bddbaf,controlled_counts100_chain3,softmax,1.0,3.0,0.01,corrected,clean,target_loss,all,300,5000,300,0,0.0,0.0,0.0,0.0,0.0,0,0,0
81b10d7e75bddbaf,controlled_counts100_chain3,softmax,1.0,3.0,0.01,corrected,clean,target_loss,target_at_cutoff,0,5000,0,0,,,,,,,,
81b10d7e75bddbaf,controlled_counts100_chain3,softmax,1.0,3.0,0.01,corrected,clean,greedy_recovery,all,300,5000,300,0,0.0,0.0,0.0,0.0,0.0,0,0,0
81b10d7e75bddbaf,controlled_counts100_chain3,softmax,1.0,3.0,0.01,corrected,clean,q_recovery,all,300,5000,300,0,0.0,0.0,0.0,0.0,0.0,0,0,0
81b10d7e75bddbaf,controlled_counts100_chain3,softmax,1.0,3.0,0.01,corrected,clean,greedy_confirmation,all,300,5000,300,0,0.0,19.0,19.0,19.0,19.0,19,19,19
81b10d7e75bddbaf,controlled_counts100_chain3,softmax,1.0,3.0,0.01,corrected,clean,q_confirmation,all,300,5000,300,0,0.0,19.0,19.0,19.0,19.0,19,19,19
81b10d7e75bddbaf,controlled_counts100_chain3,softmax,1.0,3.0,0.01,corrected,clean,attainment,all,300,500,0,300,1.0,500.0,500.0,500.0,,,,
81b10d7e75bddbaf,controlled_counts100_chain3,softmax,1.0,3.0,0.01,corrected,faa,target_loss,all,300,5000,300,0,0.0,0.0,0.0,0.0,0.0,0,0,0
81b10d7e75bddbaf,controlled_counts100_chain3,softmax,1.0,3.0,0.01,corrected,faa,target_loss,target_at_cutoff,0,5000,0,0,,,,,,,,
81b10d7e75bddbaf,controlled_counts100_chain3,softmax,1.0,3.0,0.01,corrected,faa,greedy_recovery,all,300,5000,300,0,0.0,0.0,0.0,0.0,0.0,0,0,0
81b10d7e75bddbaf,controlled_counts100_chain3,softmax,1.0,3.0,0.01,corrected,faa,q_recovery,all,300,5000,300,0,0.0,129.69666666666666,100.28633333333335,162.04058333333333,129.69666666666666,0,0,99
81b10d7e75bddbaf,controlled_counts100_chain3,softmax,1.0,3.0,0.01,corrected,faa,greedy_confirmation,all,300,5000,300,0,0.0,19.0,19.0,19.0,19.0,19,19,19
81b10d7e75bddbaf,controlled_counts100_chain3,softmax,1.0,3.0,0.01,corrected,faa,q_confirmation,all,300,5000,300,0,0.0,148.69666666666666,118.54158333333334,183.3405,148.69666666666666,19,19,118
81b10d7e75bddbaf,controlled_counts100_chain3,softmax,1.0,3.0,0.01,corrected,faa,attainment,all,300,500,172,128,0.4266666666666667,219.78333333333333,192.95941666666667,245.79575,,7,15,
91fb668ac1a83cab,controlled_counts1_chain3,softmax,1.0,3.0,0.01,corrected,clean,target_loss,all,300,5000,300,0,0.0,0.0,0.0,0.0,0.0,0,0,0
91fb668ac1a83cab,controlled_counts1_chain3,softmax,1.0,3.0,0.01,corrected,clean,target_loss,target_at_cutoff,0,5000,0,0,,,,,,,,
91fb668ac1a83cab,controlled_counts1_chain3,softmax,1.0,3.0,0.01,corrected,clean,greedy_recovery,all,300,5000,300,0,0.0,0.0,0.0,0.0,0.0,0,0,0
91fb668ac1a83cab,controlled_counts1_chain3,softmax,1.0,3.0,0.01,corrected,clean,q_recovery,all,300,5000,300,0,0.0,0.0,0.0,0.0,0.0,0,0,0
91fb668ac1a83cab,controlled_counts1_chain3,softmax,1.0,3.0,0.01,corrected,clean,greedy_confirmation,all,300,5000,300,0,0.0,19.0,19.0,19.0,19.0,19,19,19
91fb668ac1a83cab,controlled_counts1_chain3,softmax,1.0,3.0,0.01,corrected,clean,q_confirmation,all,300,5000,300,0,0.0,19.0,19.0,19.0,19.0,19,19,19
91fb668ac1a83cab,controlled_counts1_chain3,softmax,1.0,3.0,0.01,corrected,clean,attainment,all,300,500,0,300,1.0,500.0,500.0,500.0,,,,
91fb668ac1a83cab,controlled_counts1_chain3,softmax,1.0,3.0,0.01,corrected,faa,target_loss,all,300,5000,300,0,0.0,0.0,0.0,0.0,0.0,0,0,0
91fb668ac1a83cab,controlled_counts1_chain3,softmax,1.0,3.0,0.01,corrected,faa,target_loss,target_at_cutoff,0,5000,0,0,,,,,,,,
91fb668ac1a83cab,controlled_counts1_chain3,softmax,1.0,3.0,0.01,corrected,faa,greedy_recovery,all,300,5000,300,0,0.0,0.0,0.0,0.0,0.0,0,0,0
91fb668ac1a83cab,controlled_counts1_chain3,softmax,1.0,3.0,0.01,corrected,faa,q_recovery,all,300,5000,300,0,0.0,129.69666666666666,99.56791666666668,160.59891666666667,129.69666666666666,0,0,99
91fb668ac1a83cab,controlled_counts1_chain3,softmax,1.0,3.0,0.01,corrected,faa,greedy_confirmation,all,300,5000,300,0,0.0,19.0,19.0,19.0,19.0,19,19,19
91fb668ac1a83cab,controlled_counts1_chain3,softmax,1.0,3.0,0.01,corrected,faa,q_confirmation,all,300,5000,300,0,0.0,148.69666666666666,116.95575,180.99725,148.69666666666666,19,19,118
91fb668ac1a83cab,controlled_counts1_chain3,softmax,1.0,3.0,0.01,corrected,faa,attainment,all,300,500,172,128,0.4266666666666667,219.78333333333333,193.875,248.602,,7,15,
985e1822fd106864,controlled_counts1_chain3,epsilon_greedy,1.0,3.0,0.01,corrected,clean,target_loss,all,300,5000,300,0,0.0,0.0,0.0,0.0,0.0,0,0,0
985e1822fd106864,controlled_counts1_chain3,epsilon_greedy,1.0,3.0,0.01,corrected,clean,target_loss,target_at_cutoff,0,5000,0,0,,,,,,,,
985e1822fd106864,controlled_counts1_chain3,epsilon_greedy,1.0,3.0,0.01,corrected,clean,greedy_recovery,all,300,5000,300,0,0.0,0.0,0.0,0.0,0.0,0,0,0
985e1822fd106864,controlled_counts1_chain3,epsilon_greedy,1.0,3.0,0.01,corrected,clean,q_recovery,all,300,5000,300,0,0.0,0.0,0.0,0.0,0.0,0,0,0
985e1822fd106864,controlled_counts1_chain3,epsilon_greedy,1.0,3.0,0.01,corrected,clean,greedy_confirmation,all,300,5000,300,0,0.0,19.0,19.0,19.0,19.0,19,19,19
985e1822fd106864,controlled_counts1_chain3,epsilon_greedy,1.0,3.0,0.01,corrected,clean,q_confirmation,all,300,5000,300,0,0.0,19.0,19.0,19.0,19.0,19,19,19
985e1822fd106864,controlled_counts1_chain3,epsilon_greedy,1.0,3.0,0.01,corrected,clean,attainment,all,300,500,0,300,1.0,500.0,500.0,500.0,,,,
985e1822fd106864,controlled_counts1_chain3,epsilon_greedy,1.0,3.0,0.01,corrected,faa,target_loss,all,300,5000,300,0,0.0,47.9,26.393333333333334,74.77708333333332,47.9,0,0,0
985e1822fd106864,controlled_counts1_chain3,epsilon_greedy,1.0,3.0,0.01,corrected,faa,target_loss,target_at_cutoff,31,5000,31,0,0.0,463.5483870967742,291.3935483870968,676.2854838709677,463.5483870967742,92,323,578
985e1822fd106864,controlled_counts1_chain3,epsilon_greedy,1.0,3.0,0.01,corrected,faa,greedy_recovery,all,300,5000,300,0,0.0,47.9,26.147333333333332,76.89475,47.9,0,0,0
985e1822fd106864,controlled_counts1_chain3,epsilon_greedy,1.0,3.0,0.01,corrected,faa,q_recovery,all,300,5000,138,162,0.54,3575.6633333333334,3365.2699166666666,3769.20275,,2035,,
985e1822fd106864,controlled_counts1_chain3,epsilon_greedy,1.0,3.0,0.01,corrected,faa,greedy_confirmation,all,300,5000,300,0,0.0,66.9,45.6715,93.33975000000001,66.9,19,19,19
985e1822fd106864,controlled_counts1_chain3,epsilon_greedy,1.0,3.0,0.01,corrected,faa,q_confirmation,all,300,5000,138,162,0.54,3584.403333333333,3370.4738333333335,3792.564666666666,,2054,,
985e1822fd106864,controlled_counts1_chain3,epsilon_greedy,1.0,3.0,0.01,corrected,faa,attainment,all,300,500,281,19,0.06333333333333334,37.626666666666665,24.453083333333332,52.50333333333333,,6,6,6
aeba803d8a9657cf,controlled_counts100_chain3,ucb,1.0,3.0,0.01,corrected,clean,target_loss,all,1,5000,1,0,0.0,0.0,,,0.0,0,0,0
aeba803d8a9657cf,controlled_counts100_chain3,ucb,1.0,3.0,0.01,corrected,clean,target_loss,target_at_cutoff,0,5000,0,0,,,,,,,,
aeba803d8a9657cf,controlled_counts100_chain3,ucb,1.0,3.0,0.01,corrected,clean,greedy_recovery,all,1,5000,1,0,0.0,0.0,,,0.0,0,0,0
aeba803d8a9657cf,controlled_counts100_chain3,ucb,1.0,3.0,0.01,corrected,clean,q_recovery,all,1,5000,1,0,0.0,0.0,,,0.0,0,0,0
aeba803d8a9657cf,controlled_counts100_chain3,ucb,1.0,3.0,0.01,corrected,clean,greedy_confirmation,all,1,5000,1,0,0.0,19.0,,,19.0,19,19,19
aeba803d8a9657cf,controlled_counts100_chain3,ucb,1.0,3.0,0.01,corrected,clean,q_confirmation,all,1,5000,1,0,0.0,19.0,,,19.0,19,19,19
aeba803d8a9657cf,controlled_counts100_chain3,ucb,1.0,3.0,0.01,corrected,clean,attainment,all,1,500,0,1,1.0,500.0,,,,,,
aeba803d8a9657cf,controlled_counts100_chain3,ucb,1.0,3.0,0.01,corrected,faa,target_loss,all,1,5000,1,0,0.0,0.0,,,0.0,0,0,0
aeba803d8a9657cf,controlled_counts100_chain3,ucb,1.0,3.0,0.01,corrected,faa,target_loss,target_at_cutoff,0,5000,0,0,,,,,,,,
aeba803d8a9657cf,controlled_counts100_chain3,ucb,1.0,3.0,0.01,corrected,faa,greedy_recovery,all,1,5000,1,0,0.0,0.0,,,0.0,0,0,0
aeba803d8a9657cf,controlled_counts100_chain3,ucb,1.0,3.0,0.01,corrected,faa,q_recovery,all,1,5000,0,1,1.0,5000.0,,,,,,
aeba803d8a9657cf,controlled_counts100_chain3,ucb,1.0,3.0,0.01,corrected,faa,greedy_confirmation,all,1,5000,1,0,0.0,19.0,,,19.0,19,19,19
aeba803d8a9657cf,controlled_counts100_chain3,ucb,1.0,3.0,0.01,corrected,faa,q_confirmation,all,1,5000,0,1,1.0,5000.0,,,,,,
aeba803d8a9657cf,controlled_counts100_chain3,ucb,1.0,3.0,0.01,corrected,faa,attainment,all,1,500,1,0,0.0,6.0,,,6.0,6,6,6
b1700c7ebe146988,controlled_counts1_chain3,ucb,10.0,3.0,0.01,corrected,clean,target_loss,all,1,5000,1,0,0.0,0.0,,,0.0,0,0,0
b1700c7ebe146988,controlled_counts1_chain3,ucb,10.0,3.0,0.01,corrected,clean,target_loss,target_at_cutoff,0,5000,0,0,,,,,,,,
b1700c7ebe146988,controlled_counts1_chain3,ucb,10.0,3.0,0.01,corrected,clean,greedy_recovery,all,1,5000,1,0,0.0,0.0,,,0.0,0,0,0
b1700c7ebe146988,controlled_counts1_chain3,ucb,10.0,3.0,0.01,corrected,clean,q_recovery,all,1,5000,1,0,0.0,0.0,,,0.0,0,0,0
b1700c7ebe146988,controlled_counts1_chain3,ucb,10.0,3.0,0.01,corrected,clean,greedy_confirmation,all,1,5000,1,0,0.0,19.0,,,19.0,19,19,19
b1700c7ebe146988,controlled_counts1_chain3,ucb,10.0,3.0,0.01,corrected,clean,q_confirmation,all,1,5000,1,0,0.0,19.0,,,19.0,19,19,19
b1700c7ebe146988,controlled_counts1_chain3,ucb,10.0,3.0,0.01,corrected,clean,attainment,all,1,500,0,1,1.0,500.0,,,,,,
b1700c7ebe146988,controlled_counts1_chain3,ucb,10.0,3.0,0.01,corrected,faa,target_loss,all,1,5000,1,0,0.0,129.0,,,129.0,129,129,129
b1700c7ebe146988,controlled_counts1_chain3,ucb,10.0,3.0,0.01,corrected,faa,target_loss,target_at_cutoff,1,5000,1,0,0.0,129.0,,,129.0,129,129,129
b1700c7ebe146988,controlled_counts1_chain3,ucb,10.0,3.0,0.01,corrected,faa,greedy_recovery,all,1,5000,1,0,0.0,129.0,,,129.0,129,129,129
b1700c7ebe146988,controlled_counts1_chain3,ucb,10.0,3.0,0.01,corrected,faa,q_recovery,all,1,5000,0,1,1.0,5000.0,,,,,,
b1700c7ebe146988,controlled_counts1_chain3,ucb,10.0,3.0,0.01,corrected,faa,greedy_confirmation,all,1,5000,1,0,0.0,148.0,,,148.0,148,148,148
b1700c7ebe146988,controlled_counts1_chain3,ucb,10.0,3.0,0.01,corrected,faa,q_confirmation,all,1,5000,0,1,1.0,5000.0,,,,,,
b1700c7ebe146988,controlled_counts1_chain3,ucb,10.0,3.0,0.01,corrected,faa,attainment,all,1,500,1,0,0.0,6.0,,,6.0,6,6,6
b42e23640bb75c67,controlled_counts100_chain3,ucb,3.0,3.0,0.01,corrected,clean,target_loss,all,1,5000,1,0,0.0,0.0,,,0.0,0,0,0
b42e23640bb75c67,controlled_counts100_chain3,ucb,3.0,3.0,0.01,corrected,clean,target_loss,target_at_cutoff,0,5000,0,0,,,,,,,,
b42e23640bb75c67,controlled_counts100_chain3,ucb,3.0,3.0,0.01,corrected,clean,greedy_recovery,all,1,5000,1,0,0.0,0.0,,,0.0,0,0,0
b42e23640bb75c67,controlled_counts100_chain3,ucb,3.0,3.0,0.01,corrected,clean,q_recovery,all,1,5000,1,0,0.0,0.0,,,0.0,0,0,0
b42e23640bb75c67,controlled_counts100_chain3,ucb,3.0,3.0,0.01,corrected,clean,greedy_confirmation,all,1,5000,1,0,0.0,19.0,,,19.0,19,19,19
b42e23640bb75c67,controlled_counts100_chain3,ucb,3.0,3.0,0.01,corrected,clean,q_confirmation,all,1,5000,1,0,0.0,19.0,,,19.0,19,19,19
b42e23640bb75c67,controlled_counts100_chain3,ucb,3.0,3.0,0.01,corrected,clean,attainment,all,1,500,0,1,1.0,500.0,,,,,,
b42e23640bb75c67,controlled_counts100_chain3,ucb,3.0,3.0,0.01,corrected,faa,target_loss,all,1,5000,0,1,1.0,5000.0,,,,,,
b42e23640bb75c67,controlled_counts100_chain3,ucb,3.0,3.0,0.01,corrected,faa,target_loss,target_at_cutoff,1,5000,0,1,1.0,5000.0,,,,,,
b42e23640bb75c67,controlled_counts100_chain3,ucb,3.0,3.0,0.01,corrected,faa,greedy_recovery,all,1,5000,0,1,1.0,5000.0,,,,,,
b42e23640bb75c67,controlled_counts100_chain3,ucb,3.0,3.0,0.01,corrected,faa,q_recovery,all,1,5000,0,1,1.0,5000.0,,,,,,
b42e23640bb75c67,controlled_counts100_chain3,ucb,3.0,3.0,0.01,corrected,faa,greedy_confirmation,all,1,5000,0,1,1.0,5000.0,,,,,,
b42e23640bb75c67,controlled_counts100_chain3,ucb,3.0,3.0,0.01,corrected,faa,q_confirmation,all,1,5000,0,1,1.0,5000.0,,,,,,
b42e23640bb75c67,controlled_counts100_chain3,ucb,3.0,3.0,0.01,corrected,faa,attainment,all,1,500,1,0,0.0,6.0,,,6.0,6,6,6
cc7d03a3a03a3325,controlled_counts100_chain3,softmax,3.0,3.0,0.01,corrected,clean,target_loss,all,300,5000,300,0,0.0,0.0,0.0,0.0,0.0,0,0,0
cc7d03a3a03a3325,controlled_counts100_chain3,softmax,3.0,3.0,0.01,corrected,clean,target_loss,target_at_cutoff,0,5000,0,0,,,,,,,,
cc7d03a3a03a3325,controlled_counts100_chain3,softmax,3.0,3.0,0.01,corrected,clean,greedy_recovery,all,300,5000,300,0,0.0,0.0,0.0,0.0,0.0,0,0,0
cc7d03a3a03a3325,controlled_counts100_chain3,softmax,3.0,3.0,0.01,corrected,clean,q_recovery,all,300,5000,300,0,0.0,0.0,0.0,0.0,0.0,0,0,0
cc7d03a3a03a3325,controlled_counts100_chain3,softmax,3.0,3.0,0.01,corrected,clean,greedy_confirmation,all,300,5000,300,0,0.0,19.0,19.0,19.0,19.0,19,19,19
cc7d03a3a03a3325,controlled_counts100_chain3,softmax,3.0,3.0,0.01,corrected,clean,q_confirmation,all,300,5000,300,0,0.0,19.0,19.0,19.0,19.0,19,19,19
cc7d03a3a03a3325,controlled_counts100_chain3,softmax,3.0,3.0,0.01,corrected,clean,attainment,all,300,500,0,300,1.0,500.0,500.0,500.0,,,,
cc7d03a3a03a3325,controlled_counts100_chain3,softmax,3.0,3.0,0.01,corrected,faa,target_loss,all,300,5000,300,0,0.0,67.86666666666666,52.64816666666667,84.56533333333333,67.86666666666666,0,0,62
cc7d03a3a03a3325,controlled_counts100_chain3,softmax,3.0,3.0,0.01,corrected,faa,target_loss,target_at_cutoff,121,5000,121,0,0.0,168.26446280991735,138.14710743801652,199.23140495867767,168.26446280991735,32,100,248
cc7d03a3a03a3325,controlled_counts100_chain3,softmax,3.0,3.0,0.01,corrected,faa,greedy_recovery,all,300,5000,300,0,0.0,67.86666666666666,53.57391666666667,83.48766666666667,67.86666666666666,0,0,62
cc7d03a3a03a3325,controlled_counts100_chain3,softmax,3.0,3.0,0.01,corrected,faa,q_recovery,all,300,5000,300,0,0.0,376.41333333333336,326.46349999999995,425.90416666666664,376.41333333333336,0,222,580
cc7d03a3a03a3325,controlled_counts100_chain3,softmax,3.0,3.0,0.01,corrected,faa,greedy_confirmation,all,300,5000,300,0,0.0,86.86666666666666,71.7925,103.20049999999999,86.86666666666666,19,19,81
cc7d03a3a03a3325,controlled_counts100_chain3,softmax,3.0,3.0,0.01,corrected,faa,q_confirmation,all,300,5000,300,0,0.0,395.41333333333336,344.1698333333334,445.42516666666666,395.41333333333336,19,241,599
cc7d03a3a03a3325,controlled_counts100_chain3,softmax,3.0,3.0,0.01,corrected,faa,attainment,all,300,500,277,23,0.07666666666666666,46.26,33.003166666666665,60.8975,,6,8,11
cd120c9fc60950b6,controlled_counts1_chain3,ucb,3.0,3.0,0.01,corrected,clean,target_loss,all,1,5000,1,0,0.0,0.0,,,0.0,0,0,0
cd120c9fc60950b6,controlled_counts1_chain3,ucb,3.0,3.0,0.01,corrected,clean,target_loss,target_at_cutoff,0,5000,0,0,,,,,,,,
cd120c9fc60950b6,controlled_counts1_chain3,ucb,3.0,3.0,0.01,corrected,clean,greedy_recovery,all,1,5000,1,0,0.0,0.0,,,0.0,0,0,0
cd120c9fc60950b6,controlled_counts1_chain3,ucb,3.0,3.0,0.01,corrected,clean,q_recovery,all,1,5000,1,0,0.0,0.0,,,0.0,0,0,0
cd120c9fc60950b6,controlled_counts1_chain3,ucb,3.0,3.0,0.01,corrected,clean,greedy_confirmation,all,1,5000,1,0,0.0,19.0,,,19.0,19,19,19
cd120c9fc60950b6,controlled_counts1_chain3,ucb,3.0,3.0,0.01,corrected,clean,q_confirmation,all,1,5000,1,0,0.0,19.0,,,19.0,19,19,19
cd120c9fc60950b6,controlled_counts1_chain3,ucb,3.0,3.0,0.01,corrected,clean,attainment,all,1,500,0,1,1.0,500.0,,,,,,
cd120c9fc60950b6,controlled_counts1_chain3,ucb,3.0,3.0,0.01,corrected,faa,target_loss,all,1,5000,1,0,0.0,129.0,,,129.0,129,129,129
cd120c9fc60950b6,controlled_counts1_chain3,ucb,3.0,3.0,0.01,corrected,faa,target_loss,target_at_cutoff,1,5000,1,0,0.0,129.0,,,129.0,129,129,129
cd120c9fc60950b6,controlled_counts1_chain3,ucb,3.0,3.0,0.01,corrected,faa,greedy_recovery,all,1,5000,1,0,0.0,129.0,,,129.0,129,129,129
cd120c9fc60950b6,controlled_counts1_chain3,ucb,3.0,3.0,0.01,corrected,faa,q_recovery,all,1,5000,0,1,1.0,5000.0,,,,,,
cd120c9fc60950b6,controlled_counts1_chain3,ucb,3.0,3.0,0.01,corrected,faa,greedy_confirmation,all,1,5000,1,0,0.0,148.0,,,148.0,148,148,148
cd120c9fc60950b6,controlled_counts1_chain3,ucb,3.0,3.0,0.01,corrected,faa,q_confirmation,all,1,5000,0,1,1.0,5000.0,,,,,,
cd120c9fc60950b6,controlled_counts1_chain3,ucb,3.0,3.0,0.01,corrected,faa,attainment,all,1,500,1,0,0.0,6.0,,,6.0,6,6,6
cebbb55985e50cd8,controlled_counts100_chain3,epsilon_greedy,1.0,3.0,0.01,corrected,clean,target_loss,all,300,5000,300,0,0.0,0.0,0.0,0.0,0.0,0,0,0
cebbb55985e50cd8,controlled_counts100_chain3,epsilon_greedy,1.0,3.0,0.01,corrected,clean,target_loss,target_at_cutoff,0,5000,0,0,,,,,,,,
cebbb55985e50cd8,controlled_counts100_chain3,epsilon_greedy,1.0,3.0,0.01,corrected,clean,greedy_recovery,all,300,5000,300,0,0.0,0.0,0.0,0.0,0.0,0,0,0
cebbb55985e50cd8,controlled_counts100_chain3,epsilon_greedy,1.0,3.0,0.01,corrected,clean,q_recovery,all,300,5000,300,0,0.0,0.0,0.0,0.0,0.0,0,0,0
cebbb55985e50cd8,controlled_counts100_chain3,epsilon_greedy,1.0,3.0,0.01,corrected,clean,greedy_confirmation,all,300,5000,300,0,0.0,19.0,19.0,19.0,19.0,19,19,19
cebbb55985e50cd8,controlled_counts100_chain3,epsilon_greedy,1.0,3.0,0.01,corrected,clean,q_confirmation,all,300,5000,300,0,0.0,19.0,19.0,19.0,19.0,19,19,19
cebbb55985e50cd8,controlled_counts100_chain3,epsilon_greedy,1.0,3.0,0.01,corrected,clean,attainment,all,300,500,0,300,1.0,500.0,500.0,500.0,,,,
cebbb55985e50cd8,controlled_counts100_chain3,epsilon_greedy,1.0,3.0,0.01,corrected,faa,target_loss,all,300,5000,300,0,0.0,47.9,24.586833333333335,74.20049999999999,47.9,0,0,0
cebbb55985e50cd8,controlled_counts100_chain3,epsilon_greedy,1.0,3.0,0.01,corrected,faa,target_loss,target_at_cutoff,31,5000,31,0,0.0,463.5483870967742,305.4693548387097,651.7862903225806,463.5483870967742,92,323,578
cebbb55985e50cd8,controlled_counts100_chain3,epsilon_greedy,1.0,3.0,0.01,corrected,faa,greedy_recovery,all,300,5000,300,0,0.0,47.9,24.643083333333333,76.825,47.9,0,0,0
cebbb55985e50cd8,controlled_counts100_chain3,epsilon_greedy,1.0,3.0,0.01,corrected,faa,q_recovery,all,300,5000,138,162,0.54,3575.6633333333334,3379.1154166666665,3795.6521666666667,,2035,,
cebbb55985e50cd8,controlled_counts100_chain3,epsilon_greedy,1.0,3.0,0.01,corrected,faa,greedy_confirmation,all,300,5000,300,0,0.0,66.9,44.50575,95.53899999999999,66.9,19,19,19
cebbb55985e50cd8,controlled_counts100_chain3,epsilon_greedy,1.0,3.0,0.01,corrected,faa,q_confirmation,all,300,5000,138,162,0.54,3584.403333333333,3380.0579166666666,3797.3815833333333,,2054,,
cebbb55985e50cd8,controlled_counts100_chain3,epsilon_greedy,1.0,3.0,0.01,corrected,faa,attainment,all,300,500,281,19,0.06333333333333334,37.626666666666665,24.5645,52.36066666666667,,6,6,6
d4726204ad2dca24,controlled_counts1_chain3,epsilon_greedy,10.0,3.0,0.01,corrected,clean,target_loss,all,300,5000,300,0,0.0,0.0,0.0,0.0,0.0,0,0,0
d4726204ad2dca24,controlled_counts1_chain3,epsilon_greedy,10.0,3.0,0.01,corrected,clean,target_loss,target_at_cutoff,0,5000,0,0,,,,,,,,
d4726204ad2dca24,controlled_counts1_chain3,epsilon_greedy,10.0,3.0,0.01,corrected,clean,greedy_recovery,all,300,5000,300,0,0.0,0.0,0.0,0.0,0.0,0,0,0
d4726204ad2dca24,controlled_counts1_chain3,epsilon_greedy,10.0,3.0,0.01,corrected,clean,q_recovery,all,300,5000,300,0,0.0,0.0,0.0,0.0,0.0,0,0,0
d4726204ad2dca24,controlled_counts1_chain3,epsilon_greedy,10.0,3.0,0.01,corrected,clean,greedy_confirmation,all,300,5000,300,0,0.0,19.0,19.0,19.0,19.0,19,19,19
d4726204ad2dca24,controlled_counts1_chain3,epsilon_greedy,10.0,3.0,0.01,corrected,clean,q_confirmation,all,300,5000,300,0,0.0,19.0,19.0,19.0,19.0,19,19,19
d4726204ad2dca24,controlled_counts1_chain3,epsilon_greedy,10.0,3.0,0.01,corrected,clean,attainment,all,300,500,0,300,1.0,500.0,500.0,500.0,,,,
d4726204ad2dca24,controlled_counts1_chain3,epsilon_greedy,10.0,3.0,0.01,corrected,faa,target_loss,all,300,5000,300,0,0.0,316.0566666666667,275.7221666666667,361.72849999999994,316.0566666666667,1,184,488
d4726204ad2dca24,controlled_counts1_chain3,epsilon_greedy,10.0,3.0,0.01,corrected,faa,target_loss,target_at_cutoff,237,5000,237,0,0.0,400.0717299578059,351.66191983122366,448.71919831223624,400.0717299578059,86,302,575
d4726204ad2dca24,controlled_counts1_chain3,epsilon_greedy,10.0,3.0,0.01,corrected,faa,greedy_recovery,all,300,5000,300,0,0.0,316.0566666666667,272.74775,359.7895833333333,316.0566666666667,1,184,488
d4726204ad2dca24,controlled_counts1_chain3,epsilon_greedy,10.0,3.0,0.01,corrected,faa,q_recovery,all,300,5000,119,181,0.6033333333333334,3960.97,3784.814,4125.825583333333,,2710,,
d4726204ad2dca24,controlled_counts1_chain3,epsilon_greedy,10.0,3.0,0.01,corrected,faa,greedy_confirmation,all,300,5000,300,0,0.0,335.0566666666667,292.7754166666667,383.5461666666667,335.0566666666667,20,203,507
d4726204ad2dca24,controlled_counts1_chain3,epsilon_greedy,10.0,3.0,0.01,corrected,faa,q_confirmation,all,300,5000,119,181,0.6033333333333334,3968.5066666666667,3795.2923333333333,4141.1975,,2729,,
d4726204ad2dca24,controlled_counts1_chain3,epsilon_greedy,10.0,3.0,0.01,corrected,faa,attainment,all,300,500,300,0,0.0,6.03,5.94,6.123333333333333,6.03,6,6,6
ed2cde300c486092,controlled_counts100_chain3,epsilon_greedy,10.0,3.0,0.01,corrected,clean,target_loss,all,300,5000,300,0,0.0,0.0,0.0,0.0,0.0,0,0,0
ed2cde300c486092,controlled_counts100_chain3,epsilon_greedy,10.0,3.0,0.01,corrected,clean,target_loss,target_at_cutoff,0,5000,0,0,,,,,,,,
ed2cde300c486092,controlled_counts100_chain3,epsilon_greedy,10.0,3.0,0.01,corrected,clean,greedy_recovery,all,300,5000,300,0,0.0,0.0,0.0,0.0,0.0,0,0,0
ed2cde300c486092,controlled_counts100_chain3,epsilon_greedy,10.0,3.0,0.01,corrected,clean,q_recovery,all,300,5000,300,0,0.0,0.0,0.0,0.0,0.0,0,0,0
ed2cde300c486092,controlled_counts100_chain3,epsilon_greedy,10.0,3.0,0.01,corrected,clean,greedy_confirmation,all,300,5000,300,0,0.0,19.0,19.0,19.0,19.0,19,19,19
ed2cde300c486092,controlled_counts100_chain3,epsilon_greedy,10.0,3.0,0.01,corrected,clean,q_confirmation,all,300,5000,300,0,0.0,19.0,19.0,19.0,19.0,19,19,19
ed2cde300c486092,controlled_counts100_chain3,epsilon_greedy,10.0,3.0,0.01,corrected,clean,attainment,all,300,500,0,300,1.0,500.0,500.0,500.0,,,,
ed2cde300c486092,controlled_counts100_chain3,epsilon_greedy,10.0,3.0,0.01,corrected,faa,target_loss,all,300,5000,300,0,0.0,316.0566666666667,271.86983333333336,360.57475,316.0566666666667,1,184,488
ed2cde300c486092,controlled_counts100_chain3,epsilon_greedy,10.0,3.0,0.01,corrected,faa,target_loss,target_at_cutoff,237,5000,237,0,0.0,400.0717299578059,350.4620253164557,450.21286919831215,400.0717299578059,86,302,575
ed2cde300c486092,controlled_counts100_chain3,epsilon_greedy,10.0,3.0,0.01,corrected,faa,greedy_recovery,all,300,5000,300,0,0.0,316.0566666666667,272.40216666666663,357.90066666666667,316.0566666666667,1,184,488
ed2cde300c486092,controlled_counts100_chain3,epsilon_greedy,10.0,3.0,0.01,corrected,faa,q_recovery,all,300,5000,119,181,0.6033333333333334,3960.97,3789.5615833333336,4129.803583333333,,2710,,
ed2cde300c486092,controlled_counts100_chain3,epsilon_greedy,10.0,3.0,0.01,corrected,faa,greedy_confirmation,all,300,5000,300,0,0.0,335.0566666666667,293.57008333333334,380.36158333333333,335.0566666666667,20,203,507
ed2cde300c486092,controlled_counts100_chain3,epsilon_greedy,10.0,3.0,0.01,corrected,faa,q_confirmation,all,300,5000,119,181,0.6033333333333334,3968.5066666666667,3792.7119166666666,4136.138833333333,,2729,,
ed2cde300c486092,controlled_counts100_chain3,epsilon_greedy,10.0,3.0,0.01,corrected,faa,attainment,all,300,500,300,0,0.0,6.03,5.933333333333334,6.11675,6.03,6,6,6
f1058b2831fa7cb3,controlled_counts1_chain3,epsilon_greedy,3.0,3.0,0.01,corrected,clean,target_loss,all,300,5000,300,0,0.0,0.0,0.0,0.0,0.0,0,0,0
f1058b2831fa7cb3,controlled_counts1_chain3,epsilon_greedy,3.0,3.0,0.01,corrected,clean,target_loss,target_at_cutoff,0,5000,0,0,,,,,,,,
f1058b2831fa7cb3,controlled_counts1_chain3,epsilon_greedy,3.0,3.0,0.01,corrected,clean,greedy_recovery,all,300,5000,300,0,0.0,0.0,0.0,0.0,0.0,0,0,0
f1058b2831fa7cb3,controlled_counts1_chain3,epsilon_greedy,3.0,3.0,0.01,corrected,clean,q_recovery,all,300,5000,300,0,0.0,0.0,0.0,0.0,0.0,0,0,0
f1058b2831fa7cb3,controlled_counts1_chain3,epsilon_greedy,3.0,3.0,0.01,corrected,clean,greedy_confirmation,all,300,5000,300,0,0.0,19.0,19.0,19.0,19.0,19,19,19
f1058b2831fa7cb3,controlled_counts1_chain3,epsilon_greedy,3.0,3.0,0.01,corrected,clean,q_confirmation,all,300,5000,300,0,0.0,19.0,19.0,19.0,19.0,19,19,19
f1058b2831fa7cb3,controlled_counts1_chain3,epsilon_greedy,3.0,3.0,0.01,corrected,clean,attainment,all,300,500,0,300,1.0,500.0,500.0,500.0,,,,
f1058b2831fa7cb3,controlled_counts1_chain3,epsilon_greedy,3.0,3.0,0.01,corrected,faa,target_loss,all,300,5000,300,0,0.0,126.77333333333333,93.21166666666667,165.41866666666667,126.77333333333333,0,0,33
f1058b2831fa7cb3,controlled_counts1_chain3,epsilon_greedy,3.0,3.0,0.01,corrected,faa,target_loss,target_at_cutoff,84,5000,84,0,0.0,452.76190476190476,354.94166666666666,559.2148809523809,452.76190476190476,113,320,582
f1058b2831fa7cb3,controlled_counts1_chain3,epsilon_greedy,3.0,3.0,0.01,corrected,faa,greedy_recovery,all,300,5000,300,0,0.0,126.77333333333333,92.39708333333334,161.19991666666667,126.77333333333333,0,0,33
f1058b2831fa7cb3,controlled_counts1_chain3,epsilon_greedy,3.0,3.0,0.01,corrected,faa,q_recovery,all,300,5000,127,173,0.5766666666666667,3812.89,3621.176,3989.9962499999997,,2507,,
f1058b2831fa7cb3,controlled_counts1_chain3,epsilon_greedy,3.0,3.0,0.01,corrected,faa,greedy_confirmation,all,300,5000,300,0,0.0,145.77333333333334,113.28575,185.98441666666665,145.77333333333334,19,19,52
f1058b2831fa7cb3,controlled_counts1_chain3,epsilon_greedy,3.0,3.0,0.01,corrected,faa,q_confirmation,all,300,5000,127,173,0.5766666666666667,3820.9333333333334,3638.12025,4012.808,,2526,,
f1058b2831fa7cb3,controlled_counts1_chain3,epsilon_greedy,3.0,3.0,0.01,corrected,faa,attainment,all,300,500,300,0,0.0,6.03,5.936583333333333,6.130083333333333,6.03,6,6,6
fca2b5eeaa547c1f,controlled_counts1_chain3,softmax,3.0,3.0,0.01,corrected,clean,target_loss,all,300,5000,300,0,0.0,0.0,0.0,0.0,0.0,0,0,0
fca2b5eeaa547c1f,controlled_counts1_chain3,softmax,3.0,3.0,0.01,corrected,clean,target_loss,target_at_cutoff,0,5000,0,0,,,,,,,,
fca2b5eeaa547c1f,controlled_counts1_chain3,softmax,3.0,3.0,0.01,corrected,clean,greedy_recovery,all,300,5000,300,0,0.0,0.0,0.0,0.0,0.0,0,0,0
fca2b5eeaa547c1f,controlled_counts1_chain3,softmax,3.0,3.0,0.01,corrected,clean,q_recovery,all,300,5000,300,0,0.0,0.0,0.0,0.0,0.0,0,0,0
fca2b5eeaa547c1f,controlled_counts1_chain3,softmax,3.0,3.0,0.01,corrected,clean,greedy_confirmation,all,300,5000,300,0,0.0,19.0,19.0,19.0,19.0,19,19,19
fca2b5eeaa547c1f,controlled_counts1_chain3,softmax,3.0,3.0,0.01,corrected,clean,q_confirmation,all,300,5000,300,0,0.0,19.0,19.0,19.0,19.0,19,19,19
fca2b5eeaa547c1f,controlled_counts1_chain3,softmax,3.0,3.0,0.01,corrected,clean,attainment,all,300,500,0,300,1.0,500.0,500.0,500.0,,,,
fca2b5eeaa547c1f,controlled_counts1_chain3,softmax,3.0,3.0,0.01,corrected,faa,target_loss,all,300,5000,300,0,0.0,67.86666666666666,51.92191666666667,82.87283333333333,67.86666666666666,0,0,62
fca2b5eeaa547c1f,controlled_counts1_chain3,softmax,3.0,3.0,0.01,corrected,faa,target_loss,target_at_cutoff,121,5000,121,0,0.0,168.26446280991735,137.58657024793388,200.48615702479339,168.26446280991735,32,100,248
fca2b5eeaa547c1f,controlled_counts1_chain3,softmax,3.0,3.0,0.01,corrected,faa,greedy_recovery,all,300,5000,300,0,0.0,67.86666666666666,53.59225,85.52358333333332,67.86666666666666,0,0,62
fca2b5eeaa547c1f,controlled_counts1_chain3,softmax,3.0,3.0,0.01,corrected,faa,q_recovery,all,300,5000,300,0,0.0,376.41333333333336,327.02216666666664,428.92074999999994,376.41333333333336,0,222,580
fca2b5eeaa547c1f,controlled_counts1_chain3,softmax,3.0,3.0,0.01,corrected,faa,greedy_confirmation,all,300,5000,300,0,0.0,86.86666666666666,71.60841666666667,102.93583333333333,86.86666666666666,19,19,81
fca2b5eeaa547c1f,controlled_counts1_chain3,softmax,3.0,3.0,0.01,corrected,faa,q_confirmation,all,300,5000,300,0,0.0,395.41333333333336,345.55475,443.9508333333333,395.41333333333336,19,241,599
fca2b5eeaa547c1f,controlled_counts1_chain3,softmax,3.0,3.0,0.01,corrected,faa,attainment,all,300,500,277,23,0.07666666666666666,46.26,31.29825,61.37625,,6,8,11
fdabbd149b64b022,controlled_counts1_chain3,softmax,10.0,3.0,0.01,corrected,clean,target_loss,all,300,5000,300,0,0.0,0.0,0.0,0.0,0.0,0,0,0
fdabbd149b64b022,controlled_counts1_chain3,softmax,10.0,3.0,0.01,corrected,clean,target_loss,target_at_cutoff,0,5000,0,0,,,,,,,,
fdabbd149b64b022,controlled_counts1_chain3,softmax,10.0,3.0,0.01,corrected,clean,greedy_recovery,all,300,5000,300,0,0.0,0.0,0.0,0.0,0.0,0,0,0
fdabbd149b64b022,controlled_counts1_chain3,softmax,10.0,3.0,0.01,corrected,clean,q_recovery,all,300,5000,300,0,0.0,0.0,0.0,0.0,0.0,0,0,0
fdabbd149b64b022,controlled_counts1_chain3,softmax,10.0,3.0,0.01,corrected,clean,greedy_confirmation,all,300,5000,300,0,0.0,19.0,19.0,19.0,19.0,19,19,19
fdabbd149b64b022,controlled_counts1_chain3,softmax,10.0,3.0,0.01,corrected,clean,q_confirmation,all,300,5000,300,0,0.0,19.0,19.0,19.0,19.0,19,19,19
fdabbd149b64b022,controlled_counts1_chain3,softmax,10.0,3.0,0.01,corrected,clean,attainment,all,300,500,0,300,1.0,500.0,500.0,500.0,,,,
fdabbd149b64b022,controlled_counts1_chain3,softmax,10.0,3.0,0.01,corrected,faa,target_loss,all,300,5000,300,0,0.0,166.49333333333334,148.54883333333333,184.70950000000002,166.49333333333334,45,125,238
fdabbd149b64b022,controlled_counts1_chain3,softmax,10.0,3.0,0.01,corrected,faa,target_loss,target_at_cutoff,299,5000,299,0,0.0,167.05016722408027,149.55652173913043,184.78821070234113,167.05016722408027,47,125,243
fdabbd149b64b022,controlled_counts1_chain3,softmax,10.0,3.0,0.01,corrected,faa,greedy_recovery,all,300,5000,300,0,0.0,166.49333333333334,149.43941666666666,184.71825,166.49333333333334,45,125,238
fdabbd149b64b022,controlled_counts1_chain3,softmax,10.0,3.0,0.01,corrected,faa,q_recovery,all,300,5000,300,0,0.0,603.13,555.18375,653.0435,603.13,273,510,802
fdabbd149b64b022,controlled_counts1_chain3,softmax,10.0,3.0,0.01,corrected,faa,greedy_confirmation,all,300,5000,300,0,0.0,185.49333333333334,167.81633333333332,204.29083333333332,185.49333333333334,64,144,257
fdabbd149b64b022,controlled_counts1_chain3,softmax,10.0,3.0,0.01,corrected,faa,q_confirmation,all,300,5000,300,0,0.0,622.13,573.269,668.841,622.13,292,529,821
fdabbd149b64b022,controlled_counts1_chain3,softmax,10.0,3.0,0.01,corrected,faa,attainment,all,300,500,299,1,0.0033333333333333335,10.866666666666667,8.853,14.480416666666667,,6,8,11
