n_a,n_c,regime,D,range,W,T_rho,T_minus_W,predicted_log_W,observed_log_W,log_T_rho,asymptotic_ratio,ratio_error,slope_from_n_a,predicted_slope,adjacent_slope,slope_error,relative_slope_error,intervention_cost
1,1,fixed_1,0.1,requested,2,3,1,0.01,0.69314718055994530941723212145817656807550013436026,1.0986122886681096913952452369225257046474905578227,69.314718055994530941723212145817656807550013436026,68.31471805599453094172321215,,0.01,,,,1.2222222222222222222222222222222222222222222222222
3,1,fixed_1,0.1,requested,4,5,1,0.03,1.3862943611198906188344642429163531361510002687205,1.6094379124341003746007593332261876395256013542685,46.209812037329687294482141430545104538366675624017,45.20981203732968729448214143,1,0.01,0.34657359027997265470861606072908828403775006718012,0.33657359027997265470861606072908828403775006718012,33.657359027997265470861606072908828403775006718012,1.2222222222222222222222222222222222222222222222222
10,1,fixed_1,0.1,requested,15,16,1,0.10,2.7080502011022100659960045701487133441730919120913,2.7725887222397812376689284858327062723020005374410,27.080502011022100659960045701487133441730919120913,26.08050201102210065996004570,3,0.01,0.18882226285461706388022004674748002971744166333869,0.17882226285461706388022004674748002971744166333869,17.882226285461706388022004674748002971744166333869,1.2222222222222222222222222222222222222222222222222
30,1,fixed_1,0.1,requested,55,56,1,0.30,4.0073331852324709186627029111913169393473082082059,4.0253516907351492333570491078177094338635851326626,13.357777284108236395542343037304389797824360694020,12.35777728410823639554234304,10,0.01,0.06496414920651304263333491705213017975871081480573,0.05496414920651304263333491705213017975871081480573,5.496414920651304263333491705213017975871081480573,1.2222222222222222222222222222222222222222222222222
100,1,fixed_1,0.1,requested,287,288,1,1.00,5.6594822157596211089721161164805873180134951989812,5.6629604801359459298766510811359342496724817874468,5.6594822157596211089721161164805873180134951989812,4.659482215759621108972116116,30,0.01,0.023602129007530717004420188646989576838088385582504,0.013602129007530717004420188646989576838088385582504,1.3602129007530717004420188646989576838088385582504,1.2222222222222222222222222222222222222222222222222
300,1,fixed_1,0.1,requested,2089,2090,1,3.00,7.6444407615565657862753708032532194422647722616862,7.6449193449588566880889624645373470446601876038653,2.5481469205188552620917902677510731474215907538954,1.548146920518855262091790268,100,0.01,0.009924792728984723386516273433863160621256385313525,-0.000075207271015276613483726566136839378743614686475,-0.0075207271015276613483726566136839378743614686475,1.2222222222222222222222222222222222222222222222222
1000,1,fixed_1,0.1,requested,145140,145141,1,10.00,11.885454072832127939313282559822171692763849439542,11.885460962707800160063972855674457300881527566812,1.1885454072832127939313282559822171692763849439542,0.1885454072832127939313282560,300,0.01,0.0060585904446793745043398739379556460721415388255083,-0.0039414095553206254956601260620443539278584611744917,-0.39414095553206254956601260620443539278584611744917,1.2222222222222222222222222222222222222222222222222
3000,1,fixed_1,0.1,small_gap_extension,10697217936183,10697217936184,1,30.00,30.001004817624792166143099892193454046864269195573,30.001004817624885648392967634441829724839065511562,1.0000334939208264055381033297397818015621423065191,0.00003349392082640553810332973978,1000,0.01,0.0090577753723963321134149086661856411770502098780155,-0.0009422246276036678865850913338143588229497901219845,-0.09422246276036678865850913338143588229497901219845,1.2222222222222222222222222222222222222222222222222
10000,1,fixed_1,0.1,small_gap_extension,26881171418161354587820366087541585158350185,26881171418161354587820366087541585158350186,1,100.00,100.00000000000000000385749969592783555870576394405,100.00000000000000000385749969592783555870576398125,1.0000000000000000000385749969592783555870576394405,3.857499695927835558705763944E-20,3000,0.01,0.0099998564546250296911020571148191973588344992497824,-1.435453749703088979428851808026411655007502176E-7,-0.00001435453749703088979428851808026411655007502176,1.2222222222222222222222222222222222222222222222222
1,1,matched,0.1,requested,2,3,1,0.01,0.69314718055994530941723212145817656807550013436026,1.0986122886681096913952452369225257046474905578227,69.314718055994530941723212145817656807550013436026,68.31471805599453094172321215,,0.01,,,,1.2222222222222222222222222222222222222222222222222
3,3,matched,0.1,requested,2,3,1,0.03,0.69314718055994530941723212145817656807550013436026,1.0986122886681096913952452369225257046474905578227,23.104906018664843647241070715272552269183337812009,22.10490601866484364724107072,1,0.01,0E-50,-0.01000000000000000000000000000000000000000000000000,-1.000000000000000000000000000000000000000000000000,1.2222222222222222222222222222222222222222222222222
10,10,matched,0.1,requested,6,7,1,0.10,1.7917594692280550008124773583807022727229906921830,1.9459101490553133051053527434431797296370847295819,17.91759469228055000812477358380702272722990692183,16.91759469228055000812477358,3,0.01,0.15694461266687281305646360527464652923535579397467,0.14694461266687281305646360527464652923535579397467,14.694461266687281305646360527464652923535579397467,1.2222222222222222222222222222222222222222222222222
30,30,matched,0.1,requested,26,27,1,0.30,3.2580965380214820454707195630234951728807680791205,3.2958368660043290741857357107675771139424716734682,10.860321793404940151569065210078317242935893597068,9.860321793404940151569065210,10,0.01,0.073316853439671352232912110232139645007888869346875,0.063316853439671352232912110232139645007888869346875,6.3316853439671352232912110232139645007888869346875,1.2222222222222222222222222222222222222222222222222
100,100,matched,0.1,requested,188,189,1,1.00,5.2364419628299492056554149126885268450470507707407,5.2417470150596423792910884542107568435795564030501,5.2364419628299492056554149126885268450470507707407,4.236441962829949205655414913,30,0.01,0.028262077497263816574067076423786166745232609880289,0.018262077497263816574067076423786166745232609880289,1.8262077497263816574067076423786166745232609880289,1.2222222222222222222222222222222222222222222222222
300,300,matched,0.1,requested,1790,1791,1,3.00,7.4899708988348006801957958847057663832040349068099,7.4905294020607117782006117657135886111860863962150,2.4966569662782668933985986282352554610680116356033,1.496656966278266893398598628,100,0.01,0.011267644680024257372701904860086197690784920680346,0.001267644680024257372701904860086197690784920680346,0.1267644680024257372701904860086197690784920680346,1.2222222222222222222222222222222222222222222222222
1000,1000,matched,0.1,requested,144141,144142,1,10.00,11.878547266153825168477368871985941265354643134349,11.878554203781087296392572582796651165673511336151,1.1878547266153825168477368871985941265354643134349,0.1878547266153825168477368872,300,0.01,0.0062693948104557492689736756961145355459294403250559,-0.0037306051895442507310263243038854644540705596749441,-0.37306051895442507310263243038854644540705596749441,1.2222222222222222222222222222222222222222222222222
3000,3000,matched,0.1,small_gap_extension,10697217933184,10697217933185,1,30.00,30.001004817344438898750428808022500084062257837845,30.001004817344532381000322758325073074202525509961,1.0000334939114812966250142936007500028020752612615,0.00003349391148129662501429360075,1000,0.01,0.009061228775595306865136529968018279409353807351748,-0.000938771224404693134863470031981720590646192648252,-0.0938771224404693134863470031981720590646192648252,1.2222222222222222222222222222222222222222222222222
10000,10000,matched,0.1,small_gap_extension,26881171418161354587820366087541585158340186,26881171418161354587820366087541585158340187,1,100.00,100.00000000000000000385749969592783555870539197365,100.00000000000000000385749969592783555870539201085,1.0000000000000000000385749969592783555870539197365,3.857499695927835558705391974E-20,3000,0.01,0.009999856454665080157872438698272190782091876305115,-1.43545334919842127561301727809217908123694885E-7,-0.0000143545334919842127561301727809217908123694885,1.2222222222222222222222222222222222222222222222222
1,1,fixed_1,0.5,requested,3,4,1,0.25,1.0986122886681096913952452369225257046474905578227,1.3862943611198906188344642429163531361510002687205,4.3944491546724387655809809476901028185899622312908,3.394449154672438765580980948,,0.25,,,,1.6666666666666666666666666666666666666666666666667
3,1,fixed_1,0.5,requested,13,14,1,0.75,2.5649493574615367360534874415653186048052679447602,2.6390573296152586145225848649013562977125848639421,3.4199324766153823147379832554204248064070239263469,2.419932476615382314737983255,1,0.25,0.73316853439671352232912110232139645007888869346875,0.48316853439671352232912110232139645007888869346875,1.932674137586854089316484409285585800315554773875,1.6666666666666666666666666666666666666666666666667
10,1,fixed_1,0.5,requested,123,124,1,2.50,4.8121843553724174952620086099599332930239010272221,4.8202815656050368647636285674587103466009391992011,1.9248737421489669981048034439839733172095604108888,0.9248737421489669981048034440,3,0.25,0.32103357113012582274407445262780209831694758320884,0.07103357113012582274407445262780209831694758320884,0.2841342845205032909762978105112083932677903328354,1.6666666666666666666666666666666666666666666666667
30,1,fixed_1,0.5,requested,5929,5930,1,7.50,8.6876108437073676983345926428166180589175831670386,8.6877794919917711365646111983345128468649327541593,1.1583481124943156931112790190422157411890110889385,0.1583481124943156931112790190,10,0.25,0.19377132441674751015362920164283423829468410699082,-0.05622867558325248984637079835716576170531589300918,-0.22491470233300995938548319342866304682126357203672,1.6666666666666666666666666666666666666666666666667
100,1,fixed_1,0.5,requested,72139075393,72139075394,1,25.00,25.001861695497416488143068355793854030928704602144,25.001861695511278600937628843509290694029203194570,1.0000744678198966595257227342317541612371481840858,0.00007446781989665952572273423175,30,0.25,0.23306072645414355414012108161396051388587316335864,-0.01693927354585644585987891838603948611412683664136,-0.06775709418342578343951567354415794445650734656544,1.6666666666666666666666666666666666666666666666667
300,1,fixed_1,0.5,requested,373324199679950363013008901579010,373324199679950363013008901579011,1,75.00,75.000000000000134464863411235216635452054035702347,75.000000000000134464863411235216638130690997510065,1.0000000000000017928648454831362218060273871426980,1.792864845483136221806027387E-15,100,0.25,0.24999069152251358988360171439711390710562665550102,-0.00000930847748641011639828560288609289437334449898,-0.00003723390994564046559314241154437157749337799592,1.6666666666666666666666666666666666666666666666667
1000,1,fixed_1,0.5,requested,3746454614502673260349954812202920145808830754281346523373307744235658825037066306080984214197414458523492477,3746454614502673260349954812202920145808830754281346523373307744235658825037066306080984214197414458523492478,1,250.00,250.00000000000000000000000000000000000000000000000,250.00000000000000000000000000000000000000000000000,1.000000000000000000000000000000000000000000000,0E-45,300,0.25,0.24999999999999980790733798394969052078277994899664,-1.9209266201605030947921722005100336E-16,-7.6837064806420123791686888020401344E-16,1.6666666666666666666666666666666666666666666666667
1,1,matched,0.5,requested,3,4,1,0.25,1.0986122886681096913952452369225257046474905578227,1.3862943611198906188344642429163531361510002687205,4.3944491546724387655809809476901028185899622312908,3.394449154672438765580980948,,0.25,,,,1.6666666666666666666666666666666666666666666666667
3,3,matched,0.5,requested,11,12,1,0.75,2.3978952727983705440619435779651292998217068539374,2.4849066497880003102297094798388788407984908265433,3.1971936970644940587492581039535057330956091385832,2.197193697064494058749258104,1,0.25,0.64964149206513042633334917052130179758710814805735,0.39964149206513042633334917052130179758710814805735,1.5985659682605217053333966820852071903484325922294,1.6666666666666666666666666666666666666666666666667
10,10,matched,0.5,requested,114,115,1,2.50,4.7361984483944954608215047902685558099603699534821,4.7449321283632500654075121650363837579679816691090,1.8944793793577981843286019161074223239841479813928,0.8944793793577981843286019161,3,0.25,0.33404331079944641667993731604334664430552329993496,0.08404331079944641667993731604334664430552329993496,0.3361732431977856667197492641733865772220931997398,1.6666666666666666666666666666666666666666666666667
30,30,matched,0.5,requested,5900,5901,1,7.50,8.6827076298938108186520332830884260392655497665880,8.6828771070571687616072363050588773751044610534135,1.1576943506525081091536044377451234719020733022117,0.1576943506525081091536044377,10,0.25,0.19732545907496576789152642464099351146525899065530,-0.05267454092503423210847357535900648853474100934470,-0.2106981637001369284338943014360259541389640373788,1.6666666666666666666666666666666666666666666666667
100,100,matched,0.5,requested,72139075294,72139075295,1,25.00,25.001861694125067320530397124001860505343720948705,25.001861694138929433343981270685186910831195593504,1.0000744677650026928212158849600744202137488379482,0.00007446776500269282121588496007,30,0.25,0.2331307723461608071696909120130490638011167311731,-0.0168692276538391928303090879869509361988832688269,-0.0674769106153567713212363519478037447955330753076,1.6666666666666666666666666666666666666666666666667
300,300,matched,0.5,requested,373324199679950363013008901578711,373324199679950363013008901578712,1,75.00,75.000000000000134464863411235215834539602455194736,75.000000000000134464863411235215837218239417002454,1.0000000000000017928648454831362111271946994025965,1.792864845483136211127194699E-15,100,0.25,0.24999069152937533572166507055606987017129367123016,-0.00000930847062466427833492944393012982870632876984,-0.00003723388249865711333971777572051931482531507936,1.6666666666666666666666666666666666666666666666667
1000,1000,matched,0.5,requested,3746454614502673260349954812202920145808830754281346523373307744235658825037066306080984214197414458523491478,3746454614502673260349954812202920145808830754281346523373307744235658825037066306080984214197414458523491479,1,250.00,250.00000000000000000000000000000000000000000000000,250.00000000000000000000000000000000000000000000000,1.000000000000000000000000000000000000000000000,0E-45,300,0.25,0.24999999999999980790733798394969166494342506400751,-1.9209266201605030833505657493599249E-16,-7.6837064806420123334022629974396996E-16,1.6666666666666666666666666666666666666666666666667
