condition_id,design,rule,C,Delta,eta,sign,metric,n,mean,ci_low,ci_high
0aab5d0793390cdb,warmup1000_chain3,epsilon_greedy,1.0,3.0,0.01,corrected,greedy_recovery_restricted_faa_minus_clean,300,1.1466666666666667,-6.271,7.393416666666663
0aab5d0793390cdb,warmup1000_chain3,epsilon_greedy,1.0,3.0,0.01,corrected,q_recovery_restricted_faa_minus_clean,300,120.85,42.42225,211.82858333333326
0aab5d0793390cdb,warmup1000_chain3,epsilon_greedy,1.0,3.0,0.01,corrected,greedy_confirmation_restricted_faa_minus_clean,300,1.1466666666666667,-6.166666666666666,7.5569999999999995
0aab5d0793390cdb,warmup1000_chain3,epsilon_greedy,1.0,3.0,0.01,corrected,q_confirmation_restricted_faa_minus_clean,300,120.53333333333333,43.510666666666665,208.1595
0aab5d0793390cdb,warmup1000_chain3,epsilon_greedy,1.0,3.0,0.01,corrected,attack_reward_clean_minus_faa,300,7.465333333333319,7.109666666666656,7.810091666666651
0aab5d0793390cdb,warmup1000_chain3,epsilon_greedy,1.0,3.0,0.01,corrected,attack_goals_clean_minus_faa,300,6.786666666666667,6.486666666666666,7.10675
0aab5d0793390cdb,warmup1000_chain3,epsilon_greedy,1.0,3.0,0.01,corrected,recovery_reward_clean_minus_faa,300,0.02566666666666606,0.0036666666666648477,0.055
0aab5d0793390cdb,warmup1000_chain3,epsilon_greedy,1.0,3.0,0.01,corrected,recovery_goals_clean_minus_faa,300,0.023333333333333334,0.0033333333333333335,0.04666666666666667
17d214ef42fd9d40,warmup1000_chain3,softmax,10.0,3.0,0.01,corrected,greedy_recovery_restricted_faa_minus_clean,300,998.8766666666667,862.9665833333333,1152.19125
17d214ef42fd9d40,warmup1000_chain3,softmax,10.0,3.0,0.01,corrected,q_recovery_restricted_faa_minus_clean,300,1155.34,972.1096666666667,1346.8197499999999
17d214ef42fd9d40,warmup1000_chain3,softmax,10.0,3.0,0.01,corrected,greedy_confirmation_restricted_faa_minus_clean,300,998.37,858.6530833333333,1138.54325
17d214ef42fd9d40,warmup1000_chain3,softmax,10.0,3.0,0.01,corrected,q_confirmation_restricted_faa_minus_clean,300,1151.4266666666667,979.98775,1339.1366666666665
17d214ef42fd9d40,warmup1000_chain3,softmax,10.0,3.0,0.01,corrected,attack_reward_clean_minus_faa,300,-5.173666666666674,-7.01799999999999,-3.4722416666666707
17d214ef42fd9d40,warmup1000_chain3,softmax,10.0,3.0,0.01,corrected,attack_goals_clean_minus_faa,300,-4.703333333333333,-6.240583333333333,-3.113166666666667
17d214ef42fd9d40,warmup1000_chain3,softmax,10.0,3.0,0.01,corrected,recovery_reward_clean_minus_faa,300,-54.51233333333169,-62.91422499999828,-47.446483333331926
17d214ef42fd9d40,warmup1000_chain3,softmax,10.0,3.0,0.01,corrected,recovery_goals_clean_minus_faa,300,-49.556666666666665,-56.99341666666667,-42.33316666666667
32da1760a7e580d0,warmup1000_chain3,softmax,1.0,3.0,0.01,corrected,greedy_recovery_restricted_faa_minus_clean,300,63.86666666666667,33.10916666666667,102.59891666666667
32da1760a7e580d0,warmup1000_chain3,softmax,1.0,3.0,0.01,corrected,q_recovery_restricted_faa_minus_clean,300,188.42666666666668,70.69850000000001,307.6356666666667
32da1760a7e580d0,warmup1000_chain3,softmax,1.0,3.0,0.01,corrected,greedy_confirmation_restricted_faa_minus_clean,300,63.86666666666667,30.167916666666667,99.66225
32da1760a7e580d0,warmup1000_chain3,softmax,1.0,3.0,0.01,corrected,q_confirmation_restricted_faa_minus_clean,300,187.47666666666666,73.91341666666668,307.17524999999995
32da1760a7e580d0,warmup1000_chain3,softmax,1.0,3.0,0.01,corrected,attack_reward_clean_minus_faa,300,-16.272666666666616,-19.877641666666623,-12.838741666666616
32da1760a7e580d0,warmup1000_chain3,softmax,1.0,3.0,0.01,corrected,attack_goals_clean_minus_faa,300,-14.793333333333333,-17.684833333333334,-11.9165
32da1760a7e580d0,warmup1000_chain3,softmax,1.0,3.0,0.01,corrected,recovery_reward_clean_minus_faa,300,-11.128333333333233,-15.312733333333188,-7.424908333333299
32da1760a7e580d0,warmup1000_chain3,softmax,1.0,3.0,0.01,corrected,recovery_goals_clean_minus_faa,300,-10.116666666666667,-13.910666666666668,-6.513333333333334
550464d24f7ba783,warmup1000_chain3,epsilon_greedy,3.0,3.0,0.01,corrected,greedy_recovery_restricted_faa_minus_clean,300,58.776666666666664,30.605416666666667,86.86141666666667
550464d24f7ba783,warmup1000_chain3,epsilon_greedy,3.0,3.0,0.01,corrected,q_recovery_restricted_faa_minus_clean,300,153.23666666666668,67.42916666666666,258.53066666666666
550464d24f7ba783,warmup1000_chain3,epsilon_greedy,3.0,3.0,0.01,corrected,greedy_confirmation_restricted_faa_minus_clean,300,58.776666666666664,32.38475,86.71433333333333
550464d24f7ba783,warmup1000_chain3,epsilon_greedy,3.0,3.0,0.01,corrected,q_confirmation_restricted_faa_minus_clean,300,152.79333333333332,65.28058333333333,249.94208333333333
550464d24f7ba783,warmup1000_chain3,epsilon_greedy,3.0,3.0,0.01,corrected,attack_reward_clean_minus_faa,300,20.822999999999958,20.06399999999996,21.552758333333287
550464d24f7ba783,warmup1000_chain3,epsilon_greedy,3.0,3.0,0.01,corrected,attack_goals_clean_minus_faa,300,18.93,18.316416666666665,19.503416666666666
550464d24f7ba783,warmup1000_chain3,epsilon_greedy,3.0,3.0,0.01,corrected,recovery_reward_clean_minus_faa,300,0.15766666666666423,0.10266666666666711,0.20900000000001456
550464d24f7ba783,warmup1000_chain3,epsilon_greedy,3.0,3.0,0.01,corrected,recovery_goals_clean_minus_faa,300,0.14333333333333334,0.09666666666666666,0.19333333333333333
783dccb9377d0e8e,warmup1000_chain3,ucb,3.0,3.0,0.01,corrected,greedy_recovery_restricted_faa_minus_clean,1,0.0,,
783dccb9377d0e8e,warmup1000_chain3,ucb,3.0,3.0,0.01,corrected,q_recovery_restricted_faa_minus_clean,1,0.0,,
783dccb9377d0e8e,warmup1000_chain3,ucb,3.0,3.0,0.01,corrected,greedy_confirmation_restricted_faa_minus_clean,1,0.0,,
783dccb9377d0e8e,warmup1000_chain3,ucb,3.0,3.0,0.01,corrected,q_confirmation_restricted_faa_minus_clean,1,0.0,,
783dccb9377d0e8e,warmup1000_chain3,ucb,3.0,3.0,0.01,corrected,attack_reward_clean_minus_faa,1,61.59999999999991,,
783dccb9377d0e8e,warmup1000_chain3,ucb,3.0,3.0,0.01,corrected,attack_goals_clean_minus_faa,1,56.0,,
783dccb9377d0e8e,warmup1000_chain3,ucb,3.0,3.0,0.01,corrected,recovery_reward_clean_minus_faa,1,-33.0,,
783dccb9377d0e8e,warmup1000_chain3,ucb,3.0,3.0,0.01,corrected,recovery_goals_clean_minus_faa,1,-30.0,,
95349262052bdf9b,warmup1000_chain3,ucb,1.0,3.0,0.01,corrected,greedy_recovery_restricted_faa_minus_clean,1,0.0,,
95349262052bdf9b,warmup1000_chain3,ucb,1.0,3.0,0.01,corrected,q_recovery_restricted_faa_minus_clean,1,0.0,,
95349262052bdf9b,warmup1000_chain3,ucb,1.0,3.0,0.01,corrected,greedy_confirmation_restricted_faa_minus_clean,1,0.0,,
95349262052bdf9b,warmup1000_chain3,ucb,1.0,3.0,0.01,corrected,q_confirmation_restricted_faa_minus_clean,1,0.0,,
95349262052bdf9b,warmup1000_chain3,ucb,1.0,3.0,0.01,corrected,attack_reward_clean_minus_faa,1,27.499999999999943,,
95349262052bdf9b,warmup1000_chain3,ucb,1.0,3.0,0.01,corrected,attack_goals_clean_minus_faa,1,25.0,,
95349262052bdf9b,warmup1000_chain3,ucb,1.0,3.0,0.01,corrected,recovery_reward_clean_minus_faa,1,-33.0,,
95349262052bdf9b,warmup1000_chain3,ucb,1.0,3.0,0.01,corrected,recovery_goals_clean_minus_faa,1,-30.0,,
96755b67f7e727ba,warmup1000_chain3,softmax,3.0,3.0,0.01,corrected,greedy_recovery_restricted_faa_minus_clean,300,400.60333333333335,296.20816666666667,512.6374999999999
96755b67f7e727ba,warmup1000_chain3,softmax,3.0,3.0,0.01,corrected,q_recovery_restricted_faa_minus_clean,300,684.2666666666667,531.0318333333333,842.2489166666666
96755b67f7e727ba,warmup1000_chain3,softmax,3.0,3.0,0.01,corrected,greedy_confirmation_restricted_faa_minus_clean,300,400.41333333333336,298.7746666666667,514.1726666666666
96755b67f7e727ba,warmup1000_chain3,softmax,3.0,3.0,0.01,corrected,q_confirmation_restricted_faa_minus_clean,300,681.9033333333333,536.3200833333334,848.0855833333333
96755b67f7e727ba,warmup1000_chain3,softmax,3.0,3.0,0.01,corrected,attack_reward_clean_minus_faa,300,-15.898666666666637,-19.521791666666612,-12.596283333333288
96755b67f7e727ba,warmup1000_chain3,softmax,3.0,3.0,0.01,corrected,attack_goals_clean_minus_faa,300,-14.453333333333333,-17.617250000000002,-11.701916666666671
96755b67f7e727ba,warmup1000_chain3,softmax,3.0,3.0,0.01,corrected,recovery_reward_clean_minus_faa,300,-35.98099999999921,-43.18141666666583,-30.01505833333232
96755b67f7e727ba,warmup1000_chain3,softmax,3.0,3.0,0.01,corrected,recovery_goals_clean_minus_faa,300,-32.71,-38.82383333333333,-27.025833333333335
c27127f7e9984d7c,warmup1000_chain3,ucb,10.0,3.0,0.01,corrected,greedy_recovery_restricted_faa_minus_clean,1,5000.0,,
c27127f7e9984d7c,warmup1000_chain3,ucb,10.0,3.0,0.01,corrected,q_recovery_restricted_faa_minus_clean,1,0.0,,
c27127f7e9984d7c,warmup1000_chain3,ucb,10.0,3.0,0.01,corrected,greedy_confirmation_restricted_faa_minus_clean,1,4981.0,,
c27127f7e9984d7c,warmup1000_chain3,ucb,10.0,3.0,0.01,corrected,q_confirmation_restricted_faa_minus_clean,1,0.0,,
c27127f7e9984d7c,warmup1000_chain3,ucb,10.0,3.0,0.01,corrected,attack_reward_clean_minus_faa,1,69.29999999999995,,
c27127f7e9984d7c,warmup1000_chain3,ucb,10.0,3.0,0.01,corrected,attack_goals_clean_minus_faa,1,63.0,,
c27127f7e9984d7c,warmup1000_chain3,ucb,10.0,3.0,0.01,corrected,recovery_reward_clean_minus_faa,1,-33.0,,
c27127f7e9984d7c,warmup1000_chain3,ucb,10.0,3.0,0.01,corrected,recovery_goals_clean_minus_faa,1,-30.0,,
db82ecd38817d881,warmup1000_chain3,epsilon_greedy,10.0,3.0,0.01,corrected,greedy_recovery_restricted_faa_minus_clean,300,311.1533333333333,264.6355,357.0444166666666
db82ecd38817d881,warmup1000_chain3,epsilon_greedy,10.0,3.0,0.01,corrected,q_recovery_restricted_faa_minus_clean,300,222.05,129.49666666666667,336.3898333333333
db82ecd38817d881,warmup1000_chain3,epsilon_greedy,10.0,3.0,0.01,corrected,greedy_confirmation_restricted_faa_minus_clean,300,311.1533333333333,271.3970833333333,356.96483333333333
db82ecd38817d881,warmup1000_chain3,epsilon_greedy,10.0,3.0,0.01,corrected,q_confirmation_restricted_faa_minus_clean,300,221.1,119.8445,329.02841666666666
db82ecd38817d881,warmup1000_chain3,epsilon_greedy,10.0,3.0,0.01,corrected,attack_reward_clean_minus_faa,300,48.29733333333332,45.356666666666655,51.48495
db82ecd38817d881,warmup1000_chain3,epsilon_greedy,10.0,3.0,0.01,corrected,attack_goals_clean_minus_faa,300,43.906666666666666,41.18308333333333,46.69166666666666
db82ecd38817d881,warmup1000_chain3,epsilon_greedy,10.0,3.0,0.01,corrected,recovery_reward_clean_minus_faa,300,0.9019999999999496,0.8139083333332374,0.9863333333332838
db82ecd38817d881,warmup1000_chain3,epsilon_greedy,10.0,3.0,0.01,corrected,recovery_goals_clean_minus_faa,300,0.82,0.7466666666666667,0.8966666666666666
