start,counts,rule,C,n,attained,target_at_last,target_at_cutoff,spent_mean,last_poison_mean,q_censored_H,q_restricted_H_mean,q_restricted_H_ci_low,q_restricted_H_ci_high,q_restricted_H_n,policy_restricted_H_mean,policy_restricted_H_ci_low,policy_restricted_H_ci_high,policy_restricted_H_n,target_loss_restricted_H_mean,target_loss_restricted_H_ci_low,target_loss_restricted_H_ci_high,target_loss_restricted_H_n,attack_reward_loss_mean,attack_reward_loss_ci_low,attack_reward_loss_ci_high,attack_reward_loss_n,recovery_reward_loss_mean,recovery_reward_loss_ci_low,recovery_reward_loss_ci_high,recovery_reward_loss_n,combined_reward_loss_mean,combined_reward_loss_ci_low,combined_reward_loss_ci_high,combined_reward_loss_n
S0,1,epsilon_greedy,1.0,300,300,15,0,1.0,9.426666666666666,0,57.19,50.23325,64.37958333333333,300,0.056666666666666664,0.03,0.08666666666666667,300,1.1333333333333333,1.0,1.4,15,1.9360000000000324,1.8846666666666974,1.987333333333367,300,0.0,0.0,0.0,300,1.9360000000000324,1.8773333333333648,1.987333333333366,300
S2,1,epsilon_greedy,1.0,300,281,9,31,0.993836091111111,21.036666666666665,168,3775.9933333333333,3589.0984166666667,3956.2176666666664,300,44.86333333333334,24.08825,68.79766666666667,300,840.6666666666666,662.1111111111111,1108.025,9,11.960666666666642,11.63790833333331,12.261333333333312,300,0.1099999999999818,0.07333333333331818,0.15399999999996916,300,12.070666666666623,11.766333333333296,12.345666666666618,300
S0,1,softmax,1.0,300,300,95,0,1.0,15.4,0,17.863333333333333,14.886,21.22375,300,1.26,0.9166666666666666,1.6500833333333331,300,3.9789473684210526,3.0628947368421056,4.937105263157894,95,0.3190000000000109,0.20157500000000636,0.43633333333334545,300,0.0,0.0,0.0,300,0.3190000000000109,0.21257500000000643,0.4364250000000155,300
S2,1,softmax,1.0,300,172,0,0,1.0,13.79,0,375.5733333333333,330.92875,422.8019166666666,300,29.573333333333334,23.689833333333336,35.86533333333333,300,,,,0,-5.844666666666626,-6.9484249999999514,-4.696724999999977,300,-1.239333333333384,-1.7454250000000768,-0.828575000000036,300,-7.0840000000000085,-8.374758333333373,-5.910025000000007,300
S0,1,ucb,1.0,1,1,0,0,1.0,12.0,0,27.0,,,1,0.0,,,1,,,,0,0.0,,,1,0.0,,,1,0.0,,,1
S2,1,ucb,1.0,1,1,0,0,1.0,112.0,1,5000.0,,,1,0.0,,,1,,,,0,-6.600000000000023,,,1,4.400000000000546,,,1,-2.199999999999477,,,1
S0,100,epsilon_greedy,1.0,300,300,15,0,1.0,9.426666666666666,0,57.19,50.11325,64.61149999999999,300,0.056666666666666664,0.03,0.08666666666666667,300,1.1333333333333333,1.0,1.4,15,1.9360000000000324,1.884666666666699,1.9836666666667,300,0.0,0.0,0.0,300,1.9360000000000324,1.8846666666666974,1.9873333333333656,300
S2,100,epsilon_greedy,1.0,300,281,9,31,0.993836091111111,21.036666666666665,168,3775.9933333333333,3574.6851666666666,3957.43325,300,44.86333333333334,24.849,66.76774999999998,300,840.6666666666666,668.6194444444444,1068.7305555555556,9,11.960666666666642,11.656241666666642,12.268666666666643,300,0.1099999999999818,0.06966666666664711,0.15033333333330734,300,12.070666666666623,11.740574999999975,12.382333333333273,300
S0,100,softmax,1.0,300,300,95,0,1.0,15.4,0,17.863333333333333,14.852916666666667,21.134083333333333,300,1.26,0.9065833333333333,1.6566666666666667,300,3.9789473684210526,3.0628947368421056,4.926315789473684,95,0.3190000000000109,0.2090000000000071,0.4216666666666803,300,0.0,0.0,0.0,300,0.3190000000000109,0.21633333333334107,0.4326666666666808,300
S2,100,softmax,1.0,300,172,0,0,1.0,13.79,0,375.5733333333333,330.20649999999995,423.43625,300,29.573333333333334,23.6285,35.69691666666667,300,,,,0,-5.844666666666626,-6.945033333333283,-4.747966666666628,300,-1.239333333333384,-1.7490916666667378,-0.8322416666666848,300,-7.0840000000000085,-8.448366666666663,-5.741908333333331,300
S0,100,ucb,1.0,1,1,0,0,1.0,9.0,1,5000.0,,,1,0.0,,,1,,,,0,2.200000000000017,,,1,-18.70000000000391,,,1,-16.500000000003894,,,1
S2,100,ucb,1.0,1,1,0,0,1.0,10.0,1,5000.0,,,1,3.0,,,1,,,,0,14.300000000000011,,,1,0.0,,,1,14.300000000000011,,,1
S0,1,epsilon_greedy,3.0,300,300,0,0,3.0,24.58,0,58.07666666666667,49.819916666666664,66.53008333333334,300,0.0,0.0,0.0,300,,,,0,6.310333333333438,6.226000000000105,6.398333333333438,300,0.0,0.0,0.0,300,6.310333333333438,6.222333333333435,6.402000000000106,300
S2,1,epsilon_greedy,3.0,300,300,74,84,2.709359405647639,109.79666666666667,178,3981.4866666666667,3805.993916666667,4139.450916666667,300,238.51666666666668,184.56766666666667,292.178,300,823.6621621621622,705.5375,952.3695945945946,74,24.254999999999963,23.638999999999964,24.896758333333295,300,0.30066666666662967,0.24199999999997976,0.3703333333332952,300,24.555666666666596,23.979908333333256,25.105758333333277,300
S0,1,softmax,3.0,300,300,3,0,3.0,49.03666666666667,0,26.816666666666666,23.467416666666665,30.6575,300,0.03,0.0,0.07333333333333333,300,3.0,1.0,5.0,3,1.188000000000036,0.9935750000000312,1.3824250000000422,300,0.0,0.0,0.0,300,1.188000000000036,0.979000000000032,1.3860916666667107,300
S2,1,softmax,3.0,300,277,132,121,2.73136761713632,237.63666666666666,0,575.0066666666667,521.864,629.8283333333334,300,150.16666666666666,125.92908333333334,175.10399999999998,300,330.92424242424244,293.9291666666667,368.0087121212121,132,-7.186666666666636,-8.537099999999963,-5.8995749999999685,300,-5.643000000000233,-6.567366666666955,-4.773816666666848,300,-12.829666666666869,-14.567666666666856,-11.101475000000162,300
S0,1,ucb,3.0,1,1,0,0,3.0,39.0,0,10.0,,,1,0.0,,,1,,,,0,1.4210854715202004e-14,,,1,0.0,,,1,1.4210854715202004e-14,,,1
S2,1,ucb,3.0,1,1,1,1,1.3629935552468553,113.0,1,5000.0,,,1,516.0,,,1,516.0,,,1,-6.600000000000023,,,1,-7.699999999999818,,,1,-14.29999999999984,,,1
S0,100,epsilon_greedy,3.0,300,300,0,0,3.0,24.58,0,58.07666666666667,49.994,66.59016666666668,300,0.0,0.0,0.0,300,,,,0,6.310333333333438,6.218666666666771,6.402000000000104,300,0.0,0.0,0.0,300,6.310333333333438,6.218575000000102,6.394666666666771,300
S2,100,epsilon_greedy,3.0,300,300,74,84,2.709359405647639,109.79666666666667,178,3981.4866666666667,3809.9345,4146.136916666666,300,238.51666666666668,190.27475,289.7938333333333,300,823.6621621621622,707.5753378378379,948.6925675675675,74,24.254999999999963,23.638724999999972,24.87109166666663,300,0.30066666666662967,0.24199999999999197,0.3666666666666184,300,24.555666666666596,23.96863333333324,25.120333333333264,300
S0,100,softmax,3.0,300,300,3,0,3.0,49.03666666666667,0,26.816666666666666,23.38625,30.693416666666664,300,0.03,0.0,0.08,300,3.0,1.0,5.0,3,1.188000000000036,0.9753333333333688,1.3750000000000422,300,0.0,0.0,0.0,300,1.188000000000036,1.0010000000000325,1.3933333333333742,300
S2,100,softmax,3.0,300,277,132,121,2.73136761713632,237.63666666666666,0,575.0066666666667,521.2739166666667,630.2905,300,150.16666666666666,125.34975,176.59091666666666,300,330.92424242424244,295.39375,367.62916666666666,132,-7.186666666666636,-8.507583333333306,-5.936149999999981,300,-5.643000000000233,-6.526758333333619,-4.766575000000212,300,-12.829666666666869,-14.527608333333543,-11.109908333333575,300
S0,100,ucb,3.0,1,1,0,0,3.0,30.0,1,5000.0,,,1,0.0,,,1,,,,0,5.500000000000085,,,1,-18.70000000000391,,,1,-13.200000000003826,,,1
S2,100,ucb,3.0,1,1,1,1,2.1723355555555566,18.0,1,5000.0,,,1,5000.0,,,1,5000.0,,,1,23.100000000000023,,,1,0.0,,,1,23.100000000000023,,,1
S0,1,epsilon_greedy,10.0,300,300,0,0,10.0,76.67666666666666,0,46.72,40.213,54.39433333333332,300,0.0,0.0,0.0,300,,,,0,21.38400000000036,21.241000000000355,21.5307583333337,300,0.0,0.0,0.0,300,21.38400000000036,21.241000000000355,21.541666666667027,300
S2,1,epsilon_greedy,10.0,300,300,239,237,5.679827224322906,217.14,185,4080.7566666666667,3921.1797500000002,4236.291249999999,300,552.4066666666666,500.59400000000005,609.7443333333333,300,675.6903765690377,619.480439330544,740.7917364016736,239,44.297,41.68935833333335,46.85321666666668,300,0.8543333333332793,0.7736666666666068,0.9350916666666547,300,45.15133333333328,42.61739166666659,47.77318333333329,300
S0,1,softmax,10.0,300,300,17,0,10.0,167.10666666666665,0,28.473333333333333,25.07616666666667,31.966666666666665,300,0.1,0.056666666666666664,0.15333333333333332,300,1.7647058823529411,1.3529411764705883,2.235294117647059,17,4.587000000000126,4.172666666666778,5.060091666666803,300,0.0,0.0,0.0,300,4.587000000000126,4.139666666666782,5.0124250000001345,300
S2,1,softmax,10.0,300,299,299,299,3.5981725147081876,355.2266666666667,0,746.3533333333334,696.5021666666667,801.0503333333332,300,309.71666666666664,288.46225,329.2846666666666,300,310.73578595317724,290.3040133779264,331.8486622073579,299,-7.897999999999981,-9.261999999999977,-6.724666666666657,300,-10.736000000000445,-11.865791666667182,-9.74581666666706,300,-18.634000000000427,-20.43479166666715,-16.877483333333743,300
S0,1,ucb,10.0,1,1,0,0,10.0,130.0,0,24.0,,,1,0.0,,,1,,,,0,-1.4210854715202004e-14,,,1,0.0,,,1,-1.4210854715202004e-14,,,1
S2,1,ucb,10.0,1,1,1,1,1.3629935552468553,113.0,1,5000.0,,,1,516.0,,,1,516.0,,,1,-6.600000000000023,,,1,-7.699999999999818,,,1,-14.29999999999984,,,1
S0,100,epsilon_greedy,10.0,300,300,0,0,10.0,76.67666666666666,0,46.72,40.3105,53.49716666666667,300,0.0,0.0,0.0,300,,,,0,21.38400000000036,21.22990833333369,21.53433333333369,300,0.0,0.0,0.0,300,21.38400000000036,21.230000000000356,21.538000000000363,300
S2,100,epsilon_greedy,10.0,300,300,239,237,5.679827224322906,217.14,185,4080.7566666666667,3922.0475833333335,4237.689333333333,300,552.4066666666666,499.5226666666666,612.1329166666667,300,675.6903765690377,616.4988493723849,734.0420502092051,239,44.297,41.81448333333334,46.79464166666665,300,0.8543333333332793,0.7663333333333048,0.9349999999999244,300,45.15133333333328,42.73866666666661,47.69984999999989,300
S0,100,softmax,10.0,300,300,17,0,10.0,167.10666666666665,0,28.473333333333333,25.312166666666666,32.48233333333333,300,0.1,0.05,0.15333333333333332,300,1.7647058823529411,1.411764705882353,2.176470588235294,17,4.587000000000126,4.117300000000109,5.023333333333469,300,0.0,0.0,0.0,300,4.587000000000126,4.14296666666678,5.056425000000139,300
S2,100,softmax,10.0,300,299,299,299,3.5981725147081876,355.2266666666667,0,746.3533333333334,694.4778333333334,798.8294166666667,300,309.71666666666664,287.73491666666666,331.819,300,310.73578595317724,289.9315217391304,333.8733277591973,299,-7.897999999999981,-9.276758333333303,-6.537208333333316,300,-10.736000000000445,-11.799425000000472,-9.61748333333375,300,-18.634000000000427,-20.354308333333808,-16.85502500000041,300
S0,100,ucb,10.0,1,1,0,0,10.0,114.0,0,3.0,,,1,0.0,,,1,,,,0,13.200000000000188,,,1,-13.20000000000391,,,1,-3.723243935382925e-12,,,1
S2,100,ucb,10.0,1,1,1,1,2.1723355555555566,18.0,1,5000.0,,,1,5000.0,,,1,5000.0,,,1,23.100000000000023,,,1,0.0,,,1,23.100000000000023,,,1
