condition_id,design,mode,initialization,rule,branch_request,branch,arm,eta,C,Delta,metric,n,horizon,recovered,censored,survival_at_horizon,q25,median,q75,restricted_mean,restricted_mean_ci_low,restricted_mean_ci_high,observed_mean_if_no_censoring,spent_mean,spent_min,spent_max,attainment_rate,clipped_count,pre_q_error_mean,pre_count_optimal_mean,pre_count_other_mean,theory_eligible,theory_full_mean,theory_restricted_mean,max_survival_discrepancy,dkw_95_radius,within_dkw_band,paired_faa_minus_clean_restricted_mean,paired_difference_ci_low,paired_difference_ci_high
064481f2949c52ab,controlled,controlled,"{""counts"": [100, 100]}",epsilon_greedy,promotion,promotion,clean,1.0,3.0,3.0,first_revisit,300,2000,300,0,0.0,6,15,29,20.96,18.766416666666665,23.42675,20.96,0.0,0.0,0.0,0.0,0,0.0,100.0,100.0,True,20.0,19.999999999999563,0.03945234820844529,0.07841002756996855,True,-19.89666666666667,-22.343833333333333,-17.692666666666664
064481f2949c52ab,controlled,controlled,"{""counts"": [100, 100]}",epsilon_greedy,promotion,promotion,clean,1.0,3.0,3.0,greedy_recovery,300,2000,300,0,0.0,0,0,0,0.0,0.0,0.0,0.0,0.0,0.0,0.0,0.0,0,0.0,100.0,100.0,True,0.0,0.0,0.0,0.07841002756996855,True,1.0633333333333332,1.0366666666666666,1.0934166666666665
064481f2949c52ab,controlled,controlled,"{""counts"": [100, 100]}",epsilon_greedy,promotion,promotion,clean,1.0,3.0,3.0,q_recovery,300,2000,300,0,0.0,0,0,0,0.0,0.0,0.0,0.0,0.0,0.0,0.0,0.0,0,0.0,100.0,100.0,True,0.0,0.0,0.0,0.07841002756996855,True,21.54,19.433083333333332,24.040333333333333
064481f2949c52ab,controlled,controlled,"{""counts"": [100, 100]}",epsilon_greedy,promotion,promotion,clean,1.0,3.0,3.0,q_confirmation,300,2000,300,0,0.0,19,19,19,19.0,19.0,19.0,19.0,0.0,0.0,0.0,0.0,0,0.0,100.0,100.0,True,19.0,19.0,0.0,0.07841002756996855,True,21.54,19.3565,23.823333333333334
064481f2949c52ab,controlled,controlled,"{""counts"": [100, 100]}",epsilon_greedy,promotion,promotion,faa,1.0,3.0,3.0,first_revisit,300,2000,300,0,0.0,1,1,1,1.0633333333333332,1.0366666666666666,1.0966666666666667,1.0633333333333332,2.222222222222222,2.2222222222222223,2.2222222222222223,1.0,0,0.0,100.0,100.0,True,1.0526315789473684,1.0526315789473677,0.009999999999999808,0.07841002756996855,True,-19.89666666666667,-22.33383333333333,-17.5695
064481f2949c52ab,controlled,controlled,"{""counts"": [100, 100]}",epsilon_greedy,promotion,promotion,faa,1.0,3.0,3.0,greedy_recovery,300,2000,300,0,0.0,1,1,1,1.0633333333333332,1.0366666666666666,1.0933333333333333,1.0633333333333332,2.222222222222222,2.2222222222222223,2.2222222222222223,1.0,0,0.0,100.0,100.0,True,1.0526315789473684,1.0526315789473677,0.009999999999999808,0.07841002756996855,True,1.0633333333333332,1.0366666666666666,1.0933333333333333
064481f2949c52ab,controlled,controlled,"{""counts"": [100, 100]}",epsilon_greedy,promotion,promotion,faa,1.0,3.0,3.0,q_recovery,300,2000,300,0,0.0,6,16,30,21.54,19.31308333333333,23.90083333333333,21.54,2.222222222222222,2.2222222222222223,2.2222222222222223,1.0,0,0.0,100.0,100.0,True,21.052631578947366,21.052631578946464,0.0307182194052133,0.07841002756996855,True,21.54,19.206583333333334,23.747083333333332
064481f2949c52ab,controlled,controlled,"{""counts"": [100, 100]}",epsilon_greedy,promotion,promotion,faa,1.0,3.0,3.0,q_confirmation,300,2000,300,0,0.0,25,35,49,40.54,38.25983333333333,42.816750000000006,40.54,2.222222222222222,2.2222222222222223,2.2222222222222223,1.0,0,0.0,100.0,100.0,True,40.05263157894738,40.05263157894647,0.0307182194052133,0.07841002756996855,True,21.54,19.303250000000002,23.807083333333335
0de4bcb23f644c6c,controlled,controlled,"{""counts"": [100, 100]}",ucb,demotion,demotion,clean,0.01,3.0,3.0,first_revisit,1,2000,1,0,0.0,1,1,1,1.0,,,1.0,0.0,0.0,0.0,0.0,0,0.0,100.0,100.0,True,1.0,1.0,0.0,,,11.0,,
0de4bcb23f644c6c,controlled,controlled,"{""counts"": [100, 100]}",ucb,demotion,demotion,clean,0.01,3.0,3.0,greedy_recovery,1,2000,1,0,0.0,0,0,0,0.0,,,0.0,0.0,0.0,0.0,0.0,0,0.0,100.0,100.0,True,0.0,0.0,0.0,,,12.0,,
0de4bcb23f644c6c,controlled,controlled,"{""counts"": [100, 100]}",ucb,demotion,demotion,clean,0.01,3.0,3.0,q_recovery,1,2000,1,0,0.0,0,0,0,0.0,,,0.0,0.0,0.0,0.0,0.0,0,0.0,100.0,100.0,True,0.0,0.0,0.0,,,13.0,,
0de4bcb23f644c6c,controlled,controlled,"{""counts"": [100, 100]}",ucb,demotion,demotion,clean,0.01,3.0,3.0,q_confirmation,1,2000,1,0,0.0,19,19,19,19.0,,,19.0,0.0,0.0,0.0,0.0,0,0.0,100.0,100.0,True,19.0,19.0,0.0,,,13.0,,
0de4bcb23f644c6c,controlled,controlled,"{""counts"": [100, 100]}",ucb,demotion,demotion,faa,0.01,3.0,3.0,first_revisit,1,2000,1,0,0.0,12,12,12,12.0,,,12.0,1.1222222222222222,1.1222222222222222,1.1222222222222222,1.0,0,0.0,100.0,100.0,True,12.0,12.0,0.0,,,11.0,,
0de4bcb23f644c6c,controlled,controlled,"{""counts"": [100, 100]}",ucb,demotion,demotion,faa,0.01,3.0,3.0,greedy_recovery,1,2000,1,0,0.0,12,12,12,12.0,,,12.0,1.1222222222222222,1.1222222222222222,1.1222222222222222,1.0,0,0.0,100.0,100.0,True,12.0,12.0,0.0,,,12.0,,
0de4bcb23f644c6c,controlled,controlled,"{""counts"": [100, 100]}",ucb,demotion,demotion,faa,0.01,3.0,3.0,q_recovery,1,2000,1,0,0.0,13,13,13,13.0,,,13.0,1.1222222222222222,1.1222222222222222,1.1222222222222222,1.0,0,0.0,100.0,100.0,True,13.0,13.0,0.0,,,13.0,,
0de4bcb23f644c6c,controlled,controlled,"{""counts"": [100, 100]}",ucb,demotion,demotion,faa,0.01,3.0,3.0,q_confirmation,1,2000,1,0,0.0,32,32,32,32.0,,,32.0,1.1222222222222222,1.1222222222222222,1.1222222222222222,1.0,0,0.0,100.0,100.0,True,32.0,32.0,0.0,,,13.0,,
3ac55c0552cf699e,controlled,controlled,"{""counts"": [100, 100]}",epsilon_greedy,demotion,demotion,clean,1.0,3.0,3.0,first_revisit,300,2000,300,0,0.0,1,1,1,1.04,1.02,1.0666666666666667,1.04,0.0,0.0,0.0,0.0,0,0.0,100.0,100.0,True,1.0526315789473684,1.0526315789473677,0.01333333333333362,0.07841002756996855,True,18.28,16.208750000000002,20.650416666666665
3ac55c0552cf699e,controlled,controlled,"{""counts"": [100, 100]}",epsilon_greedy,demotion,demotion,clean,1.0,3.0,3.0,greedy_recovery,300,2000,300,0,0.0,0,0,0,0.0,0.0,0.0,0.0,0.0,0.0,0.0,0.0,0,0.0,100.0,100.0,True,0.0,0.0,0.0,0.07841002756996855,True,19.32,17.12,21.616833333333332
3ac55c0552cf699e,controlled,controlled,"{""counts"": [100, 100]}",epsilon_greedy,demotion,demotion,clean,1.0,3.0,3.0,q_recovery,300,2000,300,0,0.0,0,0,0,0.0,0.0,0.0,0.0,0.0,0.0,0.0,0.0,0,0.0,100.0,100.0,True,0.0,0.0,0.0,0.07841002756996855,True,20.376666666666665,18.2325,22.427333333333333
3ac55c0552cf699e,controlled,controlled,"{""counts"": [100, 100]}",epsilon_greedy,demotion,demotion,clean,1.0,3.0,3.0,q_confirmation,300,2000,300,0,0.0,19,19,19,19.0,19.0,19.0,19.0,0.0,0.0,0.0,0.0,0,0.0,100.0,100.0,True,19.0,19.0,0.0,0.07841002756996855,True,20.376666666666665,18.4145,22.63025
3ac55c0552cf699e,controlled,controlled,"{""counts"": [100, 100]}",epsilon_greedy,demotion,demotion,faa,1.0,3.0,3.0,first_revisit,300,2000,300,0,0.0,6,13,25,19.32,17.179333333333332,21.65025,19.32,2.222222222222222,2.2222222222222223,2.2222222222222223,1.0,0,0.0,100.0,100.0,True,20.0,19.999999999999563,0.03701075640912199,0.07841002756996855,True,18.28,16.08325,20.574166666666667
3ac55c0552cf699e,controlled,controlled,"{""counts"": [100, 100]}",epsilon_greedy,demotion,demotion,faa,1.0,3.0,3.0,greedy_recovery,300,2000,300,0,0.0,6,13,25,19.32,17.203,21.470166666666664,19.32,2.222222222222222,2.2222222222222223,2.2222222222222223,1.0,0,0.0,100.0,100.0,True,20.0,19.999999999999563,0.03701075640912199,0.07841002756996855,True,19.32,16.993166666666667,21.56383333333333
3ac55c0552cf699e,controlled,controlled,"{""counts"": [100, 100]}",epsilon_greedy,demotion,demotion,faa,1.0,3.0,3.0,q_recovery,300,2000,300,0,0.0,7,14,26,20.376666666666665,18.099500000000003,22.9215,20.376666666666665,2.222222222222222,2.2222222222222223,2.2222222222222223,1.0,0,0.0,100.0,100.0,True,21.052631578947366,21.052631578947842,0.03770615665840665,0.07841002756996855,True,20.376666666666665,18.255833333333335,22.720333333333333
3ac55c0552cf699e,controlled,controlled,"{""counts"": [100, 100]}",epsilon_greedy,demotion,demotion,faa,1.0,3.0,3.0,q_confirmation,300,2000,300,0,0.0,26,33,45,39.376666666666665,37.2325,41.64425,39.376666666666665,2.222222222222222,2.2222222222222223,2.2222222222222223,1.0,0,0.0,100.0,100.0,True,40.05263157894738,40.05263157894783,0.03770615665840665,0.07841002756996855,True,20.376666666666665,18.159666666666666,22.800583333333332
7a596586bf7b0d7a,controlled,controlled,"{""counts"": [100, 100]}",ucb,demotion,demotion,clean,1.0,3.0,3.0,first_revisit,1,2000,1,0,0.0,1,1,1,1.0,,,1.0,0.0,0.0,0.0,0.0,0,0.0,100.0,100.0,True,1.0,1.0,0.0,,,1999.0,,
7a596586bf7b0d7a,controlled,controlled,"{""counts"": [100, 100]}",ucb,demotion,demotion,clean,1.0,3.0,3.0,greedy_recovery,1,2000,1,0,0.0,0,0,0,0.0,,,0.0,0.0,0.0,0.0,0.0,0,0.0,100.0,100.0,True,0.0,0.0,0.0,,,2000.0,,
7a596586bf7b0d7a,controlled,controlled,"{""counts"": [100, 100]}",ucb,demotion,demotion,clean,1.0,3.0,3.0,q_recovery,1,2000,1,0,0.0,0,0,0,0.0,,,0.0,0.0,0.0,0.0,0.0,0,0.0,100.0,100.0,True,0.0,0.0,0.0,,,2000.0,,
7a596586bf7b0d7a,controlled,controlled,"{""counts"": [100, 100]}",ucb,demotion,demotion,clean,1.0,3.0,3.0,q_confirmation,1,2000,1,0,0.0,19,19,19,19.0,,,19.0,0.0,0.0,0.0,0.0,0,0.0,100.0,100.0,True,19.0,19.0,0.0,,,1981.0,,
7a596586bf7b0d7a,controlled,controlled,"{""counts"": [100, 100]}",ucb,demotion,demotion,faa,1.0,3.0,3.0,first_revisit,1,2000,0,1,1.0,,,,2000.0,,,,2.2222222222222223,2.2222222222222223,2.2222222222222223,1.0,0,0.0,100.0,100.0,True,,2000.0,0.0,,,1999.0,,
7a596586bf7b0d7a,controlled,controlled,"{""counts"": [100, 100]}",ucb,demotion,demotion,faa,1.0,3.0,3.0,greedy_recovery,1,2000,0,1,1.0,,,,2000.0,,,,2.2222222222222223,2.2222222222222223,2.2222222222222223,1.0,0,0.0,100.0,100.0,True,,2000.0,0.0,,,2000.0,,
7a596586bf7b0d7a,controlled,controlled,"{""counts"": [100, 100]}",ucb,demotion,demotion,faa,1.0,3.0,3.0,q_recovery,1,2000,0,1,1.0,,,,2000.0,,,,2.2222222222222223,2.2222222222222223,2.2222222222222223,1.0,0,0.0,100.0,100.0,True,,2000.0,0.0,,,2000.0,,
7a596586bf7b0d7a,controlled,controlled,"{""counts"": [100, 100]}",ucb,demotion,demotion,faa,1.0,3.0,3.0,q_confirmation,1,2000,0,1,1.0,,,,2000.0,,,,2.2222222222222223,2.2222222222222223,2.2222222222222223,1.0,0,0.0,100.0,100.0,True,,2000.0,0.0,,,1981.0,,
98674a9351420445,controlled,controlled,"{""counts"": [100, 100]}",softmax,promotion,promotion,clean,0.01,3.0,3.0,first_revisit,300,2000,300,0,0.0,43,101,197,149.35666666666665,131.87016666666668,168.13358333333332,149.35666666666665,0.0,0.0,0.0,0.0,0,0.0,100.0,100.0,True,149.4131591025766,149.41293956379127,0.032758620987147824,0.07841002756996855,True,-147.38333333333333,-165.01999999999998,-129.93891666666667
98674a9351420445,controlled,controlled,"{""counts"": [100, 100]}",softmax,promotion,promotion,clean,0.01,3.0,3.0,greedy_recovery,300,2000,300,0,0.0,0,0,0,0.0,0.0,0.0,0.0,0.0,0.0,0.0,0.0,0,0.0,100.0,100.0,True,0.0,0.0,0.0,0.07841002756996855,True,1.9733333333333334,1.83,2.11
98674a9351420445,controlled,controlled,"{""counts"": [100, 100]}",softmax,promotion,promotion,clean,0.01,3.0,3.0,q_recovery,300,2000,300,0,0.0,0,0,0,0.0,0.0,0.0,0.0,0.0,0.0,0.0,0.0,0,0.0,100.0,100.0,True,0.0,0.0,0.0,0.07841002756996855,True,92.76666666666667,83.50625,102.62408333333333
98674a9351420445,controlled,controlled,"{""counts"": [100, 100]}",softmax,promotion,promotion,clean,0.01,3.0,3.0,q_confirmation,300,2000,300,0,0.0,19,19,19,19.0,19.0,19.0,19.0,0.0,0.0,0.0,0.0,0,0.0,100.0,100.0,True,19.0,19.0,0.0,0.07841002756996855,True,92.76666666666667,83.96316666666667,102.4205
98674a9351420445,controlled,controlled,"{""counts"": [100, 100]}",softmax,promotion,promotion,faa,0.01,3.0,3.0,first_revisit,300,2000,300,0,0.0,1,2,2,1.9733333333333334,1.8265833333333332,2.11675,1.9733333333333334,1.122222222222222,1.1222222222222222,1.1222222222222222,1.0,0,0.0,100.0,100.0,True,1.9512294245007138,1.9512294245015933,0.042497396484207806,0.07841002756996855,True,-147.38333333333333,-166.93300000000002,-129.79675
98674a9351420445,controlled,controlled,"{""counts"": [100, 100]}",softmax,promotion,promotion,faa,0.01,3.0,3.0,greedy_recovery,300,2000,300,0,0.0,1,2,2,1.9733333333333334,1.8333333333333333,2.13,1.9733333333333334,1.122222222222222,1.1222222222222222,1.1222222222222222,1.0,0,0.0,100.0,100.0,True,1.9512294245007138,1.9512294245015933,0.042497396484207806,0.07841002756996855,True,1.9733333333333334,1.8365,2.12
98674a9351420445,controlled,controlled,"{""counts"": [100, 100]}",softmax,promotion,promotion,faa,0.01,3.0,3.0,q_recovery,300,2000,300,0,0.0,28,67,123,92.76666666666667,82.98816666666667,102.79066666666667,92.76666666666667,1.122222222222222,1.1222222222222222,1.1222222222222222,1.0,0,0.0,100.0,100.0,True,92.51939840964609,92.51939838862631,0.026864478489710963,0.07841002756996855,True,92.76666666666667,83.21975,103.05341666666666
98674a9351420445,controlled,controlled,"{""counts"": [100, 100]}",softmax,promotion,promotion,faa,0.01,3.0,3.0,q_confirmation,300,2000,300,0,0.0,47,86,142,111.76666666666667,101.90525,121.50783333333332,111.76666666666667,1.122222222222222,1.1222222222222222,1.1222222222222222,1.0,0,0.0,100.0,100.0,True,111.51939840964609,111.51939838368945,0.026864478489710963,0.07841002756996855,True,92.76666666666667,83.07600000000001,101.70491666666666
a393cb9c704345f3,controlled,controlled,"{""counts"": [100, 100]}",epsilon_greedy,promotion,promotion,clean,0.01,3.0,3.0,first_revisit,300,2000,300,0,0.0,6,15,29,20.96,18.60258333333333,23.260250000000003,20.96,0.0,0.0,0.0,0.0,0,0.0,100.0,100.0,True,20.0,19.999999999999563,0.03945234820844529,0.07841002756996855,True,-19.89666666666667,-22.107499999999998,-17.49308333333333
a393cb9c704345f3,controlled,controlled,"{""counts"": [100, 100]}",epsilon_greedy,promotion,promotion,clean,0.01,3.0,3.0,greedy_recovery,300,2000,300,0,0.0,0,0,0,0.0,0.0,0.0,0.0,0.0,0.0,0.0,0.0,0,0.0,100.0,100.0,True,0.0,0.0,0.0,0.07841002756996855,True,1.0633333333333332,1.0366666666666666,1.0966666666666667
a393cb9c704345f3,controlled,controlled,"{""counts"": [100, 100]}",epsilon_greedy,promotion,promotion,clean,0.01,3.0,3.0,q_recovery,300,2000,300,0,0.0,0,0,0,0.0,0.0,0.0,0.0,0.0,0.0,0.0,0.0,0,0.0,100.0,100.0,True,0.0,0.0,0.0,0.07841002756996855,True,21.54,19.265416666666667,23.857166666666664
a393cb9c704345f3,controlled,controlled,"{""counts"": [100, 100]}",epsilon_greedy,promotion,promotion,clean,0.01,3.0,3.0,q_confirmation,300,2000,300,0,0.0,19,19,19,19.0,19.0,19.0,19.0,0.0,0.0,0.0,0.0,0,0.0,100.0,100.0,True,19.0,19.0,0.0,0.07841002756996855,True,21.54,19.306500000000003,23.69758333333333
a393cb9c704345f3,controlled,controlled,"{""counts"": [100, 100]}",epsilon_greedy,promotion,promotion,faa,0.01,3.0,3.0,first_revisit,300,2000,300,0,0.0,1,1,1,1.0633333333333332,1.0366666666666666,1.0933333333333333,1.0633333333333332,1.122222222222222,1.1222222222222222,1.1222222222222222,1.0,0,0.0,100.0,100.0,True,1.0526315789473684,1.0526315789473677,0.009999999999999808,0.07841002756996855,True,-19.89666666666667,-22.387,-17.68
a393cb9c704345f3,controlled,controlled,"{""counts"": [100, 100]}",epsilon_greedy,promotion,promotion,faa,0.01,3.0,3.0,greedy_recovery,300,2000,300,0,0.0,1,1,1,1.0633333333333332,1.0366666666666666,1.0933333333333333,1.0633333333333332,1.122222222222222,1.1222222222222222,1.1222222222222222,1.0,0,0.0,100.0,100.0,True,1.0526315789473684,1.0526315789473677,0.009999999999999808,0.07841002756996855,True,1.0633333333333332,1.0366666666666666,1.0966666666666667
a393cb9c704345f3,controlled,controlled,"{""counts"": [100, 100]}",epsilon_greedy,promotion,promotion,faa,0.01,3.0,3.0,q_recovery,300,2000,300,0,0.0,6,16,30,21.54,19.26625,23.88058333333333,21.54,1.122222222222222,1.1222222222222222,1.1222222222222222,1.0,0,0.0,100.0,100.0,True,21.052631578947366,21.052631578946464,0.0307182194052133,0.07841002756996855,True,21.54,19.29,23.887333333333334
a393cb9c704345f3,controlled,controlled,"{""counts"": [100, 100]}",epsilon_greedy,promotion,promotion,faa,0.01,3.0,3.0,q_confirmation,300,2000,300,0,0.0,25,35,49,40.54,38.2565,42.87025,40.54,1.122222222222222,1.1222222222222222,1.1222222222222222,1.0,0,0.0,100.0,100.0,True,40.05263157894738,40.05263157894647,0.0307182194052133,0.07841002756996855,True,21.54,19.299916666666668,23.817083333333333
a3f6740b7fd7de0d,controlled,controlled,"{""counts"": [100, 100]}",softmax,demotion,demotion,clean,1.0,3.0,3.0,first_revisit,300,2000,300,0,0.0,1,1,1,1.01,1.0,1.0233333333333334,1.01,0.0,0.0,0.0,0.0,0,0.0,100.0,100.0,True,1.0067379469990851,1.0067379469993054,0.003307149075715111,0.07841002756996855,True,152.22,135.43833333333333,170.32399999999998
a3f6740b7fd7de0d,controlled,controlled,"{""counts"": [100, 100]}",softmax,demotion,demotion,clean,1.0,3.0,3.0,greedy_recovery,300,2000,300,0,0.0,0,0,0,0.0,0.0,0.0,0.0,0.0,0.0,0.0,0.0,0,0.0,100.0,100.0,True,0.0,0.0,0.0,0.07841002756996855,True,153.23,136.8865,172.14875
a3f6740b7fd7de0d,controlled,controlled,"{""counts"": [100, 100]}",softmax,demotion,demotion,clean,1.0,3.0,3.0,q_recovery,300,2000,300,0,0.0,0,0,0,0.0,0.0,0.0,0.0,0.0,0.0,0.0,0.0,0,0.0,100.0,100.0,True,0.0,0.0,0.0,0.07841002756996855,True,154.24333333333334,138.36916666666667,172.8585833333333
a3f6740b7fd7de0d,controlled,controlled,"{""counts"": [100, 100]}",softmax,demotion,demotion,clean,1.0,3.0,3.0,q_confirmation,300,2000,300,0,0.0,19,19,19,19.0,19.0,19.0,19.0,0.0,0.0,0.0,0.0,0,0.0,100.0,100.0,True,19.0,19.0,0.0,0.07841002756996855,True,154.24333333333334,137.092,172.78358333333333
a3f6740b7fd7de0d,controlled,controlled,"{""counts"": [100, 100]}",softmax,demotion,demotion,faa,1.0,3.0,3.0,first_revisit,300,2000,300,0,0.0,53,105,190,153.23,136.656,172.09075,153.23,2.222222222222222,2.2222222222222223,2.2222222222222223,1.0,0,0.0,100.0,100.0,True,149.4131591025766,149.41293956379127,0.05807994271881023,0.07841002756996855,True,152.22,134.7615,169.69908333333333
a3f6740b7fd7de0d,controlled,controlled,"{""counts"": [100, 100]}",softmax,demotion,demotion,faa,1.0,3.0,3.0,greedy_recovery,300,2000,300,0,0.0,53,105,190,153.23,135.43133333333333,172.45991666666666,153.23,2.222222222222222,2.2222222222222223,2.2222222222222223,1.0,0,0.0,100.0,100.0,True,149.4131591025766,149.41293956379127,0.05807994271881023,0.07841002756996855,True,153.23,135.86333333333334,171.89658333333335
a3f6740b7fd7de0d,controlled,controlled,"{""counts"": [100, 100]}",softmax,demotion,demotion,faa,1.0,3.0,3.0,q_recovery,300,2000,300,0,0.0,54,106,191,154.24333333333334,137.08808333333334,172.61566666666667,154.24333333333334,2.222222222222222,2.2222222222222223,2.2222222222222223,1.0,0,0.0,100.0,100.0,True,150.43147474146534,150.43125369615774,0.05799289679372066,0.07841002756996855,True,154.24333333333334,136.51608333333334,171.684
a3f6740b7fd7de0d,controlled,controlled,"{""counts"": [100, 100]}",softmax,demotion,demotion,faa,1.0,3.0,3.0,q_confirmation,300,2000,300,0,0.0,73,125,210,173.24333333333334,156.68891666666667,191.04441666666665,173.24333333333334,2.222222222222222,2.2222222222222223,2.2222222222222223,1.0,0,0.0,100.0,100.0,True,169.43147474146534,169.4312236143331,0.05799289679372066,0.07841002756996855,True,154.24333333333334,136.65658333333334,172.57358333333332
b60383b7a5b2da16,controlled,controlled,"{""counts"": [100, 100]}",epsilon_greedy,demotion,demotion,clean,0.01,3.0,3.0,first_revisit,300,2000,300,0,0.0,1,1,1,1.04,1.0166666666666666,1.0666666666666667,1.04,0.0,0.0,0.0,0.0,0,0.0,100.0,100.0,True,1.0526315789473684,1.0526315789473677,0.01333333333333362,0.07841002756996855,True,18.28,16.106416666666664,20.546666666666667
b60383b7a5b2da16,controlled,controlled,"{""counts"": [100, 100]}",epsilon_greedy,demotion,demotion,clean,0.01,3.0,3.0,greedy_recovery,300,2000,300,0,0.0,0,0,0,0.0,0.0,0.0,0.0,0.0,0.0,0.0,0.0,0,0.0,100.0,100.0,True,0.0,0.0,0.0,0.07841002756996855,True,19.32,17.136666666666667,21.663416666666667
b60383b7a5b2da16,controlled,controlled,"{""counts"": [100, 100]}",epsilon_greedy,demotion,demotion,clean,0.01,3.0,3.0,q_recovery,300,2000,300,0,0.0,0,0,0,0.0,0.0,0.0,0.0,0.0,0.0,0.0,0.0,0,0.0,100.0,100.0,True,0.0,0.0,0.0,0.07841002756996855,True,20.376666666666665,18.218999999999998,22.7305
b60383b7a5b2da16,controlled,controlled,"{""counts"": [100, 100]}",epsilon_greedy,demotion,demotion,clean,0.01,3.0,3.0,q_confirmation,300,2000,300,0,0.0,19,19,19,19.0,19.0,19.0,19.0,0.0,0.0,0.0,0.0,0,0.0,100.0,100.0,True,19.0,19.0,0.0,0.07841002756996855,True,20.376666666666665,18.128666666666664,22.80125
b60383b7a5b2da16,controlled,controlled,"{""counts"": [100, 100]}",epsilon_greedy,demotion,demotion,faa,0.01,3.0,3.0,first_revisit,300,2000,300,0,0.0,6,13,25,19.32,17.09325,21.55816666666667,19.32,1.122222222222222,1.1222222222222222,1.1222222222222222,1.0,0,0.0,100.0,100.0,True,20.0,19.999999999999563,0.03701075640912199,0.07841002756996855,True,18.28,16.226666666666667,20.41675
b60383b7a5b2da16,controlled,controlled,"{""counts"": [100, 100]}",epsilon_greedy,demotion,demotion,faa,0.01,3.0,3.0,greedy_recovery,300,2000,300,0,0.0,6,13,25,19.32,17.096333333333334,21.720416666666665,19.32,1.122222222222222,1.1222222222222222,1.1222222222222222,1.0,0,0.0,100.0,100.0,True,20.0,19.999999999999563,0.03701075640912199,0.07841002756996855,True,19.32,17.239916666666666,21.730833333333333
b60383b7a5b2da16,controlled,controlled,"{""counts"": [100, 100]}",epsilon_greedy,demotion,demotion,faa,0.01,3.0,3.0,q_recovery,300,2000,300,0,0.0,7,14,26,20.376666666666665,18.129916666666666,22.643333333333334,20.376666666666665,1.122222222222222,1.1222222222222222,1.1222222222222222,1.0,0,0.0,100.0,100.0,True,21.052631578947366,21.052631578947842,0.03770615665840665,0.07841002756996855,True,20.376666666666665,18.19608333333333,22.36725
b60383b7a5b2da16,controlled,controlled,"{""counts"": [100, 100]}",epsilon_greedy,demotion,demotion,faa,0.01,3.0,3.0,q_confirmation,300,2000,300,0,0.0,26,33,45,39.376666666666665,37.239916666666666,41.74775,39.376666666666665,1.122222222222222,1.1222222222222222,1.1222222222222222,1.0,0,0.0,100.0,100.0,True,40.05263157894738,40.05263157894783,0.03770615665840665,0.07841002756996855,True,20.376666666666665,18.053250000000002,22.65383333333333
f1e49d85f5012fb9,controlled,controlled,"{""counts"": [100, 100]}",softmax,demotion,demotion,clean,0.01,3.0,3.0,first_revisit,300,2000,300,0,0.0,1,1,1,1.01,1.0,1.0233333333333334,1.01,0.0,0.0,0.0,0.0,0,0.0,100.0,100.0,True,1.0067379469990851,1.0067379469993054,0.003307149075715111,0.07841002756996855,True,0.9333333333333333,0.7833333333333333,1.0800833333333333
f1e49d85f5012fb9,controlled,controlled,"{""counts"": [100, 100]}",softmax,demotion,demotion,clean,0.01,3.0,3.0,greedy_recovery,300,2000,300,0,0.0,0,0,0,0.0,0.0,0.0,0.0,0.0,0.0,0.0,0.0,0,0.0,100.0,100.0,True,0.0,0.0,0.0,0.07841002756996855,True,1.9433333333333334,1.79,2.086833333333333
f1e49d85f5012fb9,controlled,controlled,"{""counts"": [100, 100]}",softmax,demotion,demotion,clean,0.01,3.0,3.0,q_recovery,300,2000,300,0,0.0,0,0,0,0.0,0.0,0.0,0.0,0.0,0.0,0.0,0.0,0,0.0,100.0,100.0,True,0.0,0.0,0.0,0.07841002756996855,True,2.95,2.8099166666666666,3.1033333333333335
f1e49d85f5012fb9,controlled,controlled,"{""counts"": [100, 100]}",softmax,demotion,demotion,clean,0.01,3.0,3.0,q_confirmation,300,2000,300,0,0.0,19,19,19,19.0,19.0,19.0,19.0,0.0,0.0,0.0,0.0,0,0.0,100.0,100.0,True,19.0,19.0,0.0,0.07841002756996855,True,2.95,2.8099166666666666,3.11
f1e49d85f5012fb9,controlled,controlled,"{""counts"": [100, 100]}",softmax,demotion,demotion,faa,0.01,3.0,3.0,first_revisit,300,2000,300,0,0.0,1,1,3,1.9433333333333334,1.7933333333333332,2.1133333333333333,1.9433333333333334,1.122222222222222,1.1222222222222222,1.1222222222222222,1.0,0,0.0,100.0,100.0,True,2.051271096376024,2.0512710963760212,0.042497396484207806,0.07841002756996855,True,0.9333333333333333,0.7899166666666667,1.0900833333333333
f1e49d85f5012fb9,controlled,controlled,"{""counts"": [100, 100]}",softmax,demotion,demotion,faa,0.01,3.0,3.0,greedy_recovery,300,2000,300,0,0.0,1,1,3,1.9433333333333334,1.8,2.0933333333333333,1.9433333333333334,1.122222222222222,1.1222222222222222,1.1222222222222222,1.0,0,0.0,100.0,100.0,True,2.051271096376024,2.0512710963760212,0.042497396484207806,0.07841002756996855,True,1.9433333333333334,1.7865,2.1
f1e49d85f5012fb9,controlled,controlled,"{""counts"": [100, 100]}",softmax,demotion,demotion,faa,0.01,3.0,3.0,q_recovery,300,2000,300,0,0.0,2,2,4,2.95,2.79,3.103416666666667,2.95,1.122222222222222,1.1222222222222222,1.1222222222222222,1.0,0,0.0,100.0,100.0,True,3.062435776991141,3.062435776991136,0.04121344439572927,0.07841002756996855,True,2.95,2.8066666666666666,3.1
f1e49d85f5012fb9,controlled,controlled,"{""counts"": [100, 100]}",softmax,demotion,demotion,faa,0.01,3.0,3.0,q_confirmation,300,2000,300,0,0.0,21,21,23,21.95,21.8,22.110083333333332,21.95,1.122222222222222,1.1222222222222222,1.1222222222222222,1.0,0,0.0,100.0,100.0,True,22.062435776991144,22.062435776991137,0.04121344439572927,0.07841002756996855,True,2.95,2.8,3.1033333333333335
fbc7dfd789c5abe4,controlled,controlled,"{""counts"": [100, 100]}",softmax,promotion,promotion,clean,1.0,3.0,3.0,first_revisit,300,2000,300,0,0.0,43,101,197,149.35666666666665,132.37483333333333,167.16375,149.35666666666665,0.0,0.0,0.0,0.0,0,0.0,100.0,100.0,True,149.4131591025766,149.41293956379127,0.032758620987147824,0.07841002756996855,True,-148.35333333333332,-167.8085,-130.11966666666666
fbc7dfd789c5abe4,controlled,controlled,"{""counts"": [100, 100]}",softmax,promotion,promotion,clean,1.0,3.0,3.0,greedy_recovery,300,2000,300,0,0.0,0,0,0,0.0,0.0,0.0,0.0,0.0,0.0,0.0,0.0,0,0.0,100.0,100.0,True,0.0,0.0,0.0,0.07841002756996855,True,1.0033333333333334,1.0,1.01
fbc7dfd789c5abe4,controlled,controlled,"{""counts"": [100, 100]}",softmax,promotion,promotion,clean,1.0,3.0,3.0,q_recovery,300,2000,300,0,0.0,0,0,0,0.0,0.0,0.0,0.0,0.0,0.0,0.0,0.0,0,0.0,100.0,100.0,True,0.0,0.0,0.0,0.07841002756996855,True,58.4,51.60225,65.11958333333332
fbc7dfd789c5abe4,controlled,controlled,"{""counts"": [100, 100]}",softmax,promotion,promotion,clean,1.0,3.0,3.0,q_confirmation,300,2000,300,0,0.0,19,19,19,19.0,19.0,19.0,19.0,0.0,0.0,0.0,0.0,0,0.0,100.0,100.0,True,19.0,19.0,0.0,0.07841002756996855,True,58.4,52.005583333333334,64.86149999999999
fbc7dfd789c5abe4,controlled,controlled,"{""counts"": [100, 100]}",softmax,promotion,promotion,faa,1.0,3.0,3.0,first_revisit,300,2000,300,0,0.0,1,1,1,1.0033333333333334,1.0,1.01,1.0033333333333334,2.222222222222222,2.2222222222222223,2.2222222222222223,1.0,0,0.0,100.0,100.0,True,1.0067379469990851,1.0067379469993054,0.0033595175909515987,0.07841002756996855,True,-148.35333333333332,-166.44341666666665,-130.73833333333334
fbc7dfd789c5abe4,controlled,controlled,"{""counts"": [100, 100]}",softmax,promotion,promotion,faa,1.0,3.0,3.0,greedy_recovery,300,2000,300,0,0.0,1,1,1,1.0033333333333334,1.0,1.01,1.0033333333333334,2.222222222222222,2.2222222222222223,2.2222222222222223,1.0,0,0.0,100.0,100.0,True,1.0067379469990851,1.0067379469993054,0.0033595175909515987,0.07841002756996855,True,1.0033333333333334,1.0,1.01
fbc7dfd789c5abe4,controlled,controlled,"{""counts"": [100, 100]}",softmax,promotion,promotion,faa,1.0,3.0,3.0,q_recovery,300,2000,300,0,0.0,18,42,79,58.4,52.31883333333333,65.02041666666666,58.4,2.222222222222222,2.2222222222222223,2.2222222222222223,1.0,0,0.0,100.0,100.0,True,56.604887980143324,56.604887980145136,0.03700920886809245,0.07841002756996855,True,58.4,52.20183333333333,65.28683333333333
fbc7dfd789c5abe4,controlled,controlled,"{""counts"": [100, 100]}",softmax,promotion,promotion,faa,1.0,3.0,3.0,q_confirmation,300,2000,300,0,0.0,37,61,98,77.4,71.35283333333334,84.0755,77.4,2.222222222222222,2.2222222222222223,2.2222222222222223,1.0,0,0.0,100.0,100.0,True,75.60488798014332,75.60488798014507,0.03700920886809245,0.07841002756996855,True,58.4,51.69116666666667,64.7055
